latitude,longitude,timestamp
41.51166,-74.08417,2023-12-11 10:50:09+00:00
41.51176,-74.08371,2023-12-11 10:50:11+00:00
41.51176,-74.08371,2023-12-11 10:50:11+00:00
41.51088,-74.08337,2023-12-11 10:50:17+00:00
41.51077,-74.08338,2023-12-11 10:50:18+00:00
41.51072,-74.08343,2023-12-11 10:50:18+00:00
41.51065,-74.08384,2023-12-11 10:50:20+00:00
41.51065,-74.08384,2023-12-11 10:50:20+00:00
41.51065,-74.08384,2023-12-11 10:50:20+00:00
41.5106,-74.0841,2023-12-11 10:50:22+00:00
41.51058,-74.08422,2023-12-11 10:50:22+00:00
41.51063,-74.0843,2023-12-11 10:50:23+00:00
41.51097,-74.08464,2023-12-11 10:50:26+00:00
41.51106,-74.0847,2023-12-11 10:50:26+00:00
41.51147,-74.08485,2023-12-11 10:50:29+00:00
41.51159,-74.08495,2023-12-11 10:50:30+00:00
41.51168,-74.08503,2023-12-11 10:50:31+00:00
41.51168,-74.08503,2023-12-11 10:50:31+00:00
41.51162,-74.08515,2023-12-11 10:50:31+00:00
41.51154,-74.08529,2023-12-11 10:50:32+00:00
41.51145,-74.08544,2023-12-11 10:50:33+00:00
41.51135,-74.08558,2023-12-11 10:50:34+00:00
41.51125,-74.08574,2023-12-11 10:50:35+00:00
41.51115,-74.08584,2023-12-11 10:50:36+00:00
41.51106,-74.08594,2023-12-11 10:50:37+00:00
41.51105,-74.08595,2023-12-11 10:50:37+00:00
41.51094,-74.08607,2023-12-11 10:50:38+00:00
41.51083,-74.08618,2023-12-11 10:50:39+00:00
41.51072,-74.08628,2023-12-11 10:50:40+00:00
41.5106,-74.08637,2023-12-11 10:50:41+00:00
41.51048,-74.08646,2023-12-11 10:50:42+00:00
41.51036,-74.08655,2023-12-11 10:50:43+00:00
41.51023,-74.08663,2023-12-11 10:50:43+00:00
41.5101,-74.08669,2023-12-11 10:50:44+00:00
41.50998,-74.08675,2023-12-11 10:50:45+00:00
41.50985,-74.08681,2023-12-11 10:50:46+00:00
41.50963,-74.08688,2023-12-11 10:50:48+00:00
41.50906,-74.0871,2023-12-11 10:50:52+00:00
41.5089,-74.08716,2023-12-11 10:50:53+00:00
41.50874,-74.08721,2023-12-11 10:50:54+00:00
41.50862,-74.08726,2023-12-11 10:50:55+00:00
41.50849,-74.08731,2023-12-11 10:50:56+00:00
41.50836,-74.08736,2023-12-11 10:50:56+00:00
41.50823,-74.08733,2023-12-11 10:50:57+00:00
41.50823,-74.08733,2023-12-11 10:50:57+00:00
41.50826,-74.08751,2023-12-11 10:50:58+00:00
41.50845,-74.08847,2023-12-11 10:51:03+00:00
41.50854,-74.089,2023-12-11 10:51:06+00:00
41.50854,-74.08903,2023-12-11 10:51:06+00:00
41.50863,-74.08947,2023-12-11 10:51:08+00:00
41.50865,-74.08961,2023-12-11 10:51:09+00:00
41.50871,-74.0899,2023-12-11 10:51:11+00:00
41.50878,-74.09021,2023-12-11 10:51:12+00:00
41.50882,-74.0904,2023-12-11 10:51:13+00:00
41.50883,-74.09044,2023-12-11 10:51:13+00:00
41.50892,-74.09078,2023-12-11 10:51:15+00:00
41.50894,-74.09084,2023-12-11 10:51:16+00:00
41.50896,-74.09092,2023-12-11 10:51:16+00:00
41.50912,-74.09135,2023-12-11 10:51:18+00:00
41.5092,-74.09156,2023-12-11 10:51:20+00:00
41.5094,-74.09197,2023-12-11 10:51:22+00:00
41.50959,-74.09239,2023-12-11 10:51:24+00:00
41.51037,-74.09397,2023-12-11 10:51:34+00:00
41.51099,-74.09525,2023-12-11 10:51:42+00:00
41.51204,-74.0975,2023-12-11 10:51:55+00:00
41.51239,-74.09825,2023-12-11 10:51:59+00:00
41.51357,-74.10073,2023-12-11 10:52:14+00:00
41.51412,-74.10186,2023-12-11 10:52:21+00:00
41.51424,-74.10208,2023-12-11 10:52:22+00:00
41.5145,-74.10257,2023-12-11 10:52:25+00:00
41.51463,-74.10279,2023-12-11 10:52:26+00:00
41.51493,-74.10327,2023-12-11 10:52:29+00:00
41.51554,-74.10419,2023-12-11 10:52:36+00:00
41.51582,-74.10457,2023-12-11 10:52:38+00:00
41.51608,-74.10493,2023-12-11 10:52:41+00:00
41.51616,-74.10504,2023-12-11 10:52:42+00:00
41.51717,-74.10623,2023-12-11 10:52:51+00:00
41.51746,-74.10658,2023-12-11 10:52:53+00:00
41.51774,-74.10691,2023-12-11 10:52:56+00:00
41.51779,-74.10697,2023-12-11 10:52:56+00:00
41.51843,-74.10772,2023-12-11 10:53:02+00:00
41.51865,-74.10788,2023-12-11 10:53:03+00:00
41.51874,-74.10795,2023-12-11 10:53:04+00:00
41.51883,-74.10805,2023-12-11 10:53:05+00:00
41.51884,-74.10806,2023-12-11 10:53:05+00:00
41.5189,-74.10814,2023-12-11 10:53:06+00:00
41.51977,-74.10916,2023-12-11 10:53:13+00:00
41.52086,-74.11048,2023-12-11 10:53:23+00:00
41.52086,-74.11048,2023-12-11 10:53:23+00:00
41.52078,-74.11058,2023-12-11 10:53:24+00:00
41.51936,-74.11242,2023-12-11 10:53:37+00:00
41.51921,-74.11261,2023-12-11 10:53:38+00:00
41.51908,-74.1128,2023-12-11 10:53:40+00:00
41.51895,-74.11299,2023-12-11 10:53:41+00:00
41.51807,-74.11442,2023-12-11 10:53:50+00:00
41.51651,-74.11726,2023-12-11 10:54:08+00:00
41.51626,-74.11773,2023-12-11 10:54:11+00:00
41.51603,-74.11817,2023-12-11 10:54:13+00:00
41.51582,-74.11858,2023-12-11 10:54:16+00:00
41.51565,-74.11894,2023-12-11 10:54:18+00:00
41.51548,-74.1193,2023-12-11 10:54:20+00:00
41.51532,-74.11967,2023-12-11 10:54:22+00:00
41.51515,-74.12005,2023-12-11 10:54:24+00:00
41.515,-74.12043,2023-12-11 10:54:27+00:00
41.51485,-74.12082,2023-12-11 10:54:29+00:00
41.51471,-74.12119,2023-12-11 10:54:31+00:00
41.51456,-74.12159,2023-12-11 10:54:33+00:00
41.51442,-74.12199,2023-12-11 10:54:35+00:00
41.51429,-74.12238,2023-12-11 10:54:37+00:00
41.51417,-74.12278,2023-12-11 10:54:40+00:00
41.51405,-74.12318,2023-12-11 10:54:42+00:00
41.51394,-74.12359,2023-12-11 10:54:44+00:00
41.51394,-74.12359,2023-12-11 10:54:44+00:00
41.51383,-74.12398,2023-12-11 10:54:46+00:00
41.51375,-74.12427,2023-12-11 10:54:48+00:00
41.51365,-74.12467,2023-12-11 10:54:50+00:00
41.51359,-74.12495,2023-12-11 10:54:51+00:00
41.51349,-74.12537,2023-12-11 10:54:53+00:00
41.51331,-74.12619,2023-12-11 10:54:58+00:00
41.51316,-74.12705,2023-12-11 10:55:02+00:00
41.51309,-74.12747,2023-12-11 10:55:04+00:00
41.51299,-74.12814,2023-12-11 10:55:08+00:00
41.51292,-74.12874,2023-12-11 10:55:11+00:00
41.51283,-74.12958,2023-12-11 10:55:15+00:00
41.51277,-74.13017,2023-12-11 10:55:18+00:00
41.51273,-74.1306,2023-12-11 10:55:20+00:00
41.51268,-74.13117,2023-12-11 10:55:23+00:00
41.51262,-74.13187,2023-12-11 10:55:26+00:00
41.51259,-74.13231,2023-12-11 10:55:29+00:00
41.51253,-74.13319,2023-12-11 10:55:33+00:00
41.51248,-74.1339,2023-12-11 10:55:37+00:00
41.51244,-74.13461,2023-12-11 10:55:40+00:00
41.51241,-74.13519,2023-12-11 10:55:43+00:00
41.51238,-74.13575,2023-12-11 10:55:46+00:00
41.51236,-74.13634,2023-12-11 10:55:49+00:00
41.51232,-74.13698,2023-12-11 10:55:52+00:00
41.5123,-74.13756,2023-12-11 10:55:55+00:00
41.51229,-74.13813,2023-12-11 10:55:58+00:00
41.51228,-74.1387,2023-12-11 10:56:01+00:00
41.51227,-74.13927,2023-12-11 10:56:03+00:00
41.51226,-74.13984,2023-12-11 10:56:06+00:00
41.51225,-74.14043,2023-12-11 10:56:09+00:00
41.51225,-74.14098,2023-12-11 10:56:12+00:00
41.51225,-74.14156,2023-12-11 10:56:15+00:00
41.51226,-74.14214,2023-12-11 10:56:18+00:00
41.51226,-74.14271,2023-12-11 10:56:21+00:00
41.51227,-74.1433,2023-12-11 10:56:24+00:00
41.51229,-74.14387,2023-12-11 10:56:26+00:00
41.5123,-74.14444,2023-12-11 10:56:29+00:00
41.51232,-74.14503,2023-12-11 10:56:32+00:00
41.51234,-74.14558,2023-12-11 10:56:35+00:00
41.51236,-74.14616,2023-12-11 10:56:38+00:00
41.51239,-74.14673,2023-12-11 10:56:41+00:00
41.51242,-74.14733,2023-12-11 10:56:44+00:00
41.51245,-74.14789,2023-12-11 10:56:46+00:00
41.51249,-74.14846,2023-12-11 10:56:49+00:00
41.51254,-74.14903,2023-12-11 10:56:52+00:00
41.51259,-74.1496,2023-12-11 10:56:55+00:00
41.51265,-74.15017,2023-12-11 10:56:58+00:00
41.51272,-74.15073,2023-12-11 10:57:01+00:00
41.5128,-74.15131,2023-12-11 10:57:04+00:00
41.51288,-74.15187,2023-12-11 10:57:07+00:00
41.51297,-74.15243,2023-12-11 10:57:09+00:00
41.51306,-74.15299,2023-12-11 10:57:12+00:00
41.51316,-74.15357,2023-12-11 10:57:15+00:00
41.51327,-74.15413,2023-12-11 10:57:18+00:00
41.51339,-74.15468,2023-12-11 10:57:21+00:00
41.51351,-74.15524,2023-12-11 10:57:24+00:00
41.51364,-74.15578,2023-12-11 10:57:27+00:00
41.51377,-74.15634,2023-12-11 10:57:30+00:00
41.51391,-74.15688,2023-12-11 10:57:33+00:00
41.51406,-74.15742,2023-12-11 10:57:35+00:00
41.51421,-74.15795,2023-12-11 10:57:38+00:00
41.51437,-74.1585,2023-12-11 10:57:41+00:00
41.51454,-74.15904,2023-12-11 10:57:44+00:00
41.51472,-74.15957,2023-12-11 10:57:47+00:00
41.51489,-74.16009,2023-12-11 10:57:50+00:00
41.51607,-74.1635,2023-12-11 10:58:09+00:00
41.5162,-74.16389,2023-12-11 10:58:11+00:00
41.51633,-74.16431,2023-12-11 10:58:13+00:00
41.51635,-74.16437,2023-12-11 10:58:13+00:00
41.51645,-74.1647,2023-12-11 10:58:15+00:00
41.51656,-74.1651,2023-12-11 10:58:17+00:00
41.51666,-74.16551,2023-12-11 10:58:19+00:00
41.51676,-74.16593,2023-12-11 10:58:22+00:00
41.5168,-74.16609,2023-12-11 10:58:22+00:00
41.51686,-74.16634,2023-12-11 10:58:24+00:00
41.51695,-74.16676,2023-12-11 10:58:26+00:00
41.51703,-74.16717,2023-12-11 10:58:28+00:00
41.51711,-74.16759,2023-12-11 10:58:30+00:00
41.51718,-74.16801,2023-12-11 10:58:32+00:00
41.51724,-74.16842,2023-12-11 10:58:35+00:00
41.5173,-74.16886,2023-12-11 10:58:37+00:00
41.51736,-74.16929,2023-12-11 10:58:39+00:00
41.5174,-74.16972,2023-12-11 10:58:41+00:00
41.51744,-74.17016,2023-12-11 10:58:43+00:00
41.51749,-74.17071,2023-12-11 10:58:46+00:00
41.51754,-74.17127,2023-12-11 10:58:49+00:00
41.51759,-74.17187,2023-12-11 10:58:52+00:00
41.51763,-74.17242,2023-12-11 10:58:55+00:00
41.51767,-74.17298,2023-12-11 10:58:57+00:00
41.51771,-74.17357,2023-12-11 10:59:00+00:00
41.51774,-74.17414,2023-12-11 10:59:03+00:00
41.51778,-74.17471,2023-12-11 10:59:06+00:00
41.51781,-74.17529,2023-12-11 10:59:09+00:00
41.51784,-74.17586,2023-12-11 10:59:12+00:00
41.51786,-74.17645,2023-12-11 10:59:15+00:00
41.51788,-74.17703,2023-12-11 10:59:18+00:00
41.51789,-74.17759,2023-12-11 10:59:21+00:00
41.51791,-74.17819,2023-12-11 10:59:24+00:00
41.51792,-74.17875,2023-12-11 10:59:26+00:00
41.51793,-74.17933,2023-12-11 10:59:29+00:00
41.51794,-74.17988,2023-12-11 10:59:32+00:00
41.51794,-74.18045,2023-12-11 10:59:35+00:00
41.51795,-74.18094,2023-12-11 10:59:37+00:00
41.51794,-74.1814,2023-12-11 10:59:40+00:00
41.51794,-74.18173,2023-12-11 10:59:41+00:00
41.51794,-74.18221,2023-12-11 10:59:44+00:00
41.51793,-74.1827,2023-12-11 10:59:46+00:00
41.51792,-74.18324,2023-12-11 10:59:49+00:00
41.51791,-74.18376,2023-12-11 10:59:51+00:00
41.5179,-74.18431,2023-12-11 10:59:54+00:00
41.51788,-74.18488,2023-12-11 10:59:57+00:00
41.51785,-74.18547,2023-12-11 11:00:00+00:00
41.51783,-74.18605,2023-12-11 11:00:03+00:00
41.51781,-74.18657,2023-12-11 11:00:05+00:00
41.51778,-74.18706,2023-12-11 11:00:08+00:00
41.51776,-74.18753,2023-12-11 11:00:10+00:00
41.51769,-74.18872,2023-12-11 11:00:16+00:00
41.51765,-74.18923,2023-12-11 11:00:19+00:00
41.51761,-74.18981,2023-12-11 11:00:22+00:00
41.51756,-74.19038,2023-12-11 11:00:25+00:00
41.51751,-74.1908,2023-12-11 11:00:27+00:00
41.51745,-74.19124,2023-12-11 11:00:29+00:00
41.51739,-74.19166,2023-12-11 11:00:31+00:00
41.51731,-74.19208,2023-12-11 11:00:33+00:00
41.51722,-74.19251,2023-12-11 11:00:35+00:00
41.51713,-74.19291,2023-12-11 11:00:38+00:00
41.51703,-74.19332,2023-12-11 11:00:40+00:00
41.51692,-74.19374,2023-12-11 11:00:42+00:00
41.51681,-74.19412,2023-12-11 11:00:44+00:00
41.51668,-74.19453,2023-12-11 11:00:46+00:00
41.51654,-74.19491,2023-12-11 11:00:48+00:00
41.51639,-74.19531,2023-12-11 11:00:51+00:00
41.51624,-74.19568,2023-12-11 11:00:53+00:00
41.51608,-74.19606,2023-12-11 11:00:55+00:00
41.51591,-74.19643,2023-12-11 11:00:57+00:00
41.51574,-74.19679,2023-12-11 11:00:59+00:00
41.51574,-74.19679,2023-12-11 11:00:59+00:00
41.51574,-74.19679,2023-12-11 11:00:59+00:00
41.51424,-74.19981,2023-12-11 11:01:17+00:00
41.51413,-74.20004,2023-12-11 11:01:19+00:00
41.5139,-74.20053,2023-12-11 11:01:21+00:00
41.51367,-74.20102,2023-12-11 11:01:24+00:00
41.51345,-74.20151,2023-12-11 11:01:27+00:00
41.51324,-74.20202,2023-12-11 11:01:30+00:00
41.51303,-74.20252,2023-12-11 11:01:33+00:00
41.51303,-74.20252,2023-12-11 11:01:33+00:00
41.51284,-74.20311,2023-12-11 11:01:36+00:00
41.51276,-74.2034,2023-12-11 11:01:38+00:00
41.51268,-74.20366,2023-12-11 11:01:39+00:00
41.5126,-74.20396,2023-12-11 11:01:41+00:00
41.51176,-74.20724,2023-12-11 11:01:58+00:00
41.51172,-74.20736,2023-12-11 11:01:59+00:00
41.51172,-74.20736,2023-12-11 11:01:59+00:00
41.51021,-74.20714,2023-12-11 11:02:09+00:00
41.51,-74.20707,2023-12-11 11:02:10+00:00
41.50965,-74.20702,2023-12-11 11:02:13+00:00
41.50954,-74.20701,2023-12-11 11:02:13+00:00
41.50954,-74.20701,2023-12-11 11:02:13+00:00
41.50954,-74.20687,2023-12-11 11:02:14+00:00
41.50955,-74.20662,2023-12-11 11:02:15+00:00
41.50962,-74.20584,2023-12-11 11:02:19+00:00
41.50964,-74.20568,2023-12-11 11:02:20+00:00
41.50967,-74.20551,2023-12-11 11:02:21+00:00
41.50972,-74.20532,2023-12-11 11:02:22+00:00
41.50979,-74.20516,2023-12-11 11:02:23+00:00
41.50985,-74.20504,2023-12-11 11:02:24+00:00
41.50993,-74.20491,2023-12-11 11:02:24+00:00
41.51,-74.20481,2023-12-11 11:02:25+00:00
41.51006,-74.20475,2023-12-11 11:02:26+00:00
41.51017,-74.20465,2023-12-11 11:02:26+00:00
41.51026,-74.20458,2023-12-11 11:02:27+00:00
41.51039,-74.20452,2023-12-11 11:02:28+00:00
41.51107,-74.20423,2023-12-11 11:02:33+00:00
41.51125,-74.20415,2023-12-11 11:02:34+00:00
41.5114,-74.20406,2023-12-11 11:02:35+00:00
41.51156,-74.20394,2023-12-11 11:02:36+00:00
41.51171,-74.20382,2023-12-11 11:02:38+00:00
41.51186,-74.20368,2023-12-11 11:02:39+00:00
41.512,-74.20353,2023-12-11 11:02:40+00:00
41.51212,-74.20338,2023-12-11 11:02:41+00:00
41.51224,-74.20321,2023-12-11 11:02:42+00:00
41.51236,-74.20303,2023-12-11 11:02:43+00:00
41.51247,-74.20282,2023-12-11 11:02:45+00:00
41.51256,-74.20262,2023-12-11 11:02:46+00:00
41.51317,-74.20129,2023-12-11 11:02:54+00:00
41.51338,-74.20079,2023-12-11 11:02:57+00:00
41.51361,-74.20028,2023-12-11 11:03:00+00:00
41.51384,-74.19977,2023-12-11 11:03:03+00:00
41.51394,-74.19956,2023-12-11 11:03:04+00:00
41.51408,-74.19925,2023-12-11 11:03:06+00:00
41.51522,-74.19685,2023-12-11 11:03:20+00:00
41.51538,-74.19651,2023-12-11 11:03:22+00:00
41.51555,-74.19614,2023-12-11 11:03:24+00:00
41.5157,-74.19578,2023-12-11 11:03:26+00:00
41.51586,-74.1954,2023-12-11 11:03:28+00:00
41.51599,-74.19502,2023-12-11 11:03:30+00:00
41.51613,-74.19464,2023-12-11 11:03:32+00:00
41.51625,-74.19426,2023-12-11 11:03:34+00:00
41.51636,-74.1939,2023-12-11 11:03:36+00:00
41.51645,-74.19354,2023-12-11 11:03:38+00:00
41.51655,-74.19314,2023-12-11 11:03:40+00:00
41.51664,-74.19275,2023-12-11 11:03:42+00:00
41.51673,-74.19234,2023-12-11 11:03:45+00:00
41.5168,-74.19193,2023-12-11 11:03:47+00:00
41.51687,-74.19151,2023-12-11 11:03:49+00:00
41.51692,-74.19111,2023-12-11 11:03:51+00:00
41.51697,-74.19071,2023-12-11 11:03:53+00:00
41.51701,-74.19027,2023-12-11 11:03:55+00:00
41.51704,-74.18992,2023-12-11 11:03:57+00:00
41.51706,-74.18957,2023-12-11 11:03:59+00:00
41.51714,-74.18828,2023-12-11 11:04:05+00:00
41.51716,-74.18788,2023-12-11 11:04:07+00:00
41.51718,-74.18746,2023-12-11 11:04:09+00:00
41.5172,-74.187,2023-12-11 11:04:11+00:00
41.51722,-74.18649,2023-12-11 11:04:14+00:00
41.51724,-74.18593,2023-12-11 11:04:17+00:00
41.51726,-74.18538,2023-12-11 11:04:20+00:00
41.51728,-74.18484,2023-12-11 11:04:22+00:00
41.51729,-74.1843,2023-12-11 11:04:25+00:00
41.51731,-74.18373,2023-12-11 11:04:28+00:00
41.51732,-74.18322,2023-12-11 11:04:30+00:00
41.51732,-74.18269,2023-12-11 11:04:33+00:00
41.51733,-74.18187,2023-12-11 11:04:37+00:00
41.51733,-74.18153,2023-12-11 11:04:39+00:00
41.51734,-74.18101,2023-12-11 11:04:41+00:00
41.51734,-74.18045,2023-12-11 11:04:44+00:00
41.51734,-74.17989,2023-12-11 11:04:47+00:00
41.51733,-74.17936,2023-12-11 11:04:50+00:00
41.51732,-74.17879,2023-12-11 11:04:53+00:00
41.51731,-74.1782,2023-12-11 11:04:55+00:00
41.5173,-74.17765,2023-12-11 11:04:58+00:00
41.51728,-74.17704,2023-12-11 11:05:01+00:00
41.51726,-74.1765,2023-12-11 11:05:04+00:00
41.51724,-74.17593,2023-12-11 11:05:07+00:00
41.51722,-74.17535,2023-12-11 11:05:10+00:00
41.51719,-74.17476,2023-12-11 11:05:13+00:00
41.51717,-74.17421,2023-12-11 11:05:15+00:00
41.51714,-74.17361,2023-12-11 11:05:18+00:00
41.51712,-74.17342,2023-12-11 11:05:19+00:00
41.5171,-74.17306,2023-12-11 11:05:21+00:00
41.51707,-74.17249,2023-12-11 11:05:24+00:00
41.51704,-74.17194,2023-12-11 11:05:27+00:00
41.51699,-74.17136,2023-12-11 11:05:30+00:00
41.51695,-74.17078,2023-12-11 11:05:33+00:00
41.51691,-74.17023,2023-12-11 11:05:35+00:00
41.51687,-74.16981,2023-12-11 11:05:37+00:00
41.51683,-74.16939,2023-12-11 11:05:40+00:00
41.51679,-74.16898,2023-12-11 11:05:42+00:00
41.51674,-74.16856,2023-12-11 11:05:44+00:00
41.51669,-74.16815,2023-12-11 11:05:46+00:00
41.51663,-74.16774,2023-12-11 11:05:48+00:00
41.51656,-74.16734,2023-12-11 11:05:50+00:00
41.51649,-74.16692,2023-12-11 11:05:52+00:00
41.51641,-74.16652,2023-12-11 11:05:54+00:00
41.51633,-74.16611,2023-12-11 11:05:56+00:00
41.51624,-74.1657,2023-12-11 11:05:58+00:00
41.51614,-74.1653,2023-12-11 11:06:01+00:00
41.51604,-74.16489,2023-12-11 11:06:03+00:00
41.51595,-74.16457,2023-12-11 11:06:04+00:00
41.51593,-74.16451,2023-12-11 11:06:05+00:00
41.51582,-74.16411,2023-12-11 11:06:07+00:00
41.51569,-74.16369,2023-12-11 11:06:09+00:00
41.51556,-74.16328,2023-12-11 11:06:11+00:00
41.51424,-74.15921,2023-12-11 11:06:34+00:00
41.51407,-74.15867,2023-12-11 11:06:36+00:00
41.5139,-74.15811,2023-12-11 11:06:40+00:00
41.51375,-74.15758,2023-12-11 11:06:42+00:00
41.51359,-74.15704,2023-12-11 11:06:45+00:00
41.51345,-74.15648,2023-12-11 11:06:48+00:00
41.51332,-74.15596,2023-12-11 11:06:51+00:00
41.51318,-74.15539,2023-12-11 11:06:54+00:00
41.51305,-74.15484,2023-12-11 11:06:57+00:00
41.51293,-74.15426,2023-12-11 11:07:00+00:00
41.51281,-74.15369,2023-12-11 11:07:03+00:00
41.5127,-74.15311,2023-12-11 11:07:06+00:00
41.5126,-74.15254,2023-12-11 11:07:09+00:00
41.5125,-74.15198,2023-12-11 11:07:12+00:00
41.51242,-74.15143,2023-12-11 11:07:14+00:00
41.51233,-74.15083,2023-12-11 11:07:17+00:00
41.51225,-74.15025,2023-12-11 11:07:20+00:00
41.51218,-74.14968,2023-12-11 11:07:23+00:00
41.51212,-74.14911,2023-12-11 11:07:26+00:00
41.51206,-74.1485,2023-12-11 11:07:29+00:00
41.51201,-74.14794,2023-12-11 11:07:32+00:00
41.51196,-74.14738,2023-12-11 11:07:35+00:00
41.51192,-74.14679,2023-12-11 11:07:38+00:00
41.51189,-74.14625,2023-12-11 11:07:40+00:00
41.51187,-74.14566,2023-12-11 11:07:43+00:00
41.51185,-74.14506,2023-12-11 11:07:46+00:00
41.51183,-74.14451,2023-12-11 11:07:49+00:00
41.51182,-74.14387,2023-12-11 11:07:52+00:00
41.51182,-74.14331,2023-12-11 11:07:55+00:00
41.51182,-74.14274,2023-12-11 11:07:58+00:00
41.51183,-74.14216,2023-12-11 11:08:01+00:00
41.51183,-74.14156,2023-12-11 11:08:04+00:00
41.51184,-74.14097,2023-12-11 11:08:07+00:00
41.51185,-74.14042,2023-12-11 11:08:10+00:00
41.51186,-74.13984,2023-12-11 11:08:13+00:00
41.51188,-74.13925,2023-12-11 11:08:15+00:00
41.5119,-74.13867,2023-12-11 11:08:18+00:00
41.51192,-74.13812,2023-12-11 11:08:21+00:00
41.51194,-74.13753,2023-12-11 11:08:24+00:00
41.51196,-74.13702,2023-12-11 11:08:27+00:00
41.51199,-74.13645,2023-12-11 11:08:29+00:00
41.51203,-74.13576,2023-12-11 11:08:33+00:00
41.51206,-74.13532,2023-12-11 11:08:35+00:00
41.51209,-74.13476,2023-12-11 11:08:38+00:00
41.51213,-74.13417,2023-12-11 11:08:41+00:00
41.51217,-74.13361,2023-12-11 11:08:44+00:00
41.51221,-74.13304,2023-12-11 11:08:47+00:00
41.51226,-74.13244,2023-12-11 11:08:50+00:00
41.5123,-74.13188,2023-12-11 11:08:52+00:00
41.51234,-74.13151,2023-12-11 11:08:54+00:00
41.51238,-74.13106,2023-12-11 11:08:57+00:00
41.51245,-74.13021,2023-12-11 11:09:01+00:00
41.51245,-74.13021,2023-12-11 11:09:01+00:00
41.51243,-74.12996,2023-12-11 11:09:02+00:00
41.51245,-74.12973,2023-12-11 11:09:03+00:00
41.51246,-74.12952,2023-12-11 11:09:04+00:00
41.51245,-74.12935,2023-12-11 11:09:05+00:00
41.51242,-74.12919,2023-12-11 11:09:06+00:00
41.51237,-74.12904,2023-12-11 11:09:07+00:00
41.51231,-74.12888,2023-12-11 11:09:08+00:00
41.51224,-74.12875,2023-12-11 11:09:08+00:00
41.51217,-74.12864,2023-12-11 11:09:09+00:00
41.51208,-74.12854,2023-12-11 11:09:10+00:00
41.51199,-74.12845,2023-12-11 11:09:11+00:00
41.5119,-74.12838,2023-12-11 11:09:11+00:00
41.51181,-74.12832,2023-12-11 11:09:12+00:00
41.51172,-74.12829,2023-12-11 11:09:13+00:00
41.51162,-74.12825,2023-12-11 11:09:13+00:00
41.51152,-74.12824,2023-12-11 11:09:14+00:00
41.51141,-74.12824,2023-12-11 11:09:15+00:00
41.51131,-74.12825,2023-12-11 11:09:15+00:00
41.5112,-74.12827,2023-12-11 11:09:16+00:00
41.5111,-74.12831,2023-12-11 11:09:17+00:00
41.511,-74.12836,2023-12-11 11:09:18+00:00
41.51091,-74.12843,2023-12-11 11:09:18+00:00
41.51083,-74.1285,2023-12-11 11:09:19+00:00
41.51075,-74.12858,2023-12-11 11:09:20+00:00
41.51068,-74.12868,2023-12-11 11:09:20+00:00
41.5106,-74.12879,2023-12-11 11:09:21+00:00
41.51052,-74.12895,2023-12-11 11:09:22+00:00
41.51046,-74.12912,2023-12-11 11:09:23+00:00
41.51041,-74.12931,2023-12-11 11:09:24+00:00
41.51036,-74.12951,2023-12-11 11:09:25+00:00
41.51033,-74.12971,2023-12-11 11:09:26+00:00
41.51033,-74.12971,2023-12-11 11:09:26+00:00
41.5103,-74.12994,2023-12-11 11:09:27+00:00
41.51029,-74.13014,2023-12-11 11:09:28+00:00
41.51029,-74.13032,2023-12-11 11:09:29+00:00
41.5103,-74.13047,2023-12-11 11:09:30+00:00
41.51031,-74.13063,2023-12-11 11:09:31+00:00
41.51034,-74.13078,2023-12-11 11:09:31+00:00
41.51034,-74.13078,2023-12-11 11:09:31+00:00
41.51029,-74.13081,2023-12-11 11:09:32+00:00
41.51007,-74.13089,2023-12-11 11:09:33+00:00
41.50984,-74.13099,2023-12-11 11:09:35+00:00
41.50962,-74.1311,2023-12-11 11:09:37+00:00
41.50941,-74.13122,2023-12-11 11:09:38+00:00
41.50916,-74.13137,2023-12-11 11:09:40+00:00
41.50892,-74.13153,2023-12-11 11:09:42+00:00
41.50869,-74.13171,2023-12-11 11:09:43+00:00
41.50846,-74.13189,2023-12-11 11:09:45+00:00
41.50759,-74.13264,2023-12-11 11:09:52+00:00
41.50721,-74.13296,2023-12-11 11:09:55+00:00
41.50603,-74.13398,2023-12-11 11:10:05+00:00
41.50582,-74.13414,2023-12-11 11:10:06+00:00
41.50562,-74.13429,2023-12-11 11:10:08+00:00
41.50542,-74.13442,2023-12-11 11:10:09+00:00
41.50522,-74.13454,2023-12-11 11:10:11+00:00
41.50503,-74.13465,2023-12-11 11:10:12+00:00
41.50483,-74.13474,2023-12-11 11:10:13+00:00
41.50464,-74.13483,2023-12-11 11:10:15+00:00
41.50448,-74.13488,2023-12-11 11:10:16+00:00
41.50433,-74.13492,2023-12-11 11:10:17+00:00
41.50395,-74.13498,2023-12-11 11:10:19+00:00
41.50373,-74.13503,2023-12-11 11:10:21+00:00
41.50351,-74.13507,2023-12-11 11:10:22+00:00
41.50329,-74.13509,2023-12-11 11:10:24+00:00
41.50307,-74.1351,2023-12-11 11:10:25+00:00
41.50285,-74.1351,2023-12-11 11:10:27+00:00
41.5004,-74.13509,2023-12-11 11:10:43+00:00
41.49882,-74.13509,2023-12-11 11:10:54+00:00
41.49862,-74.13508,2023-12-11 11:10:55+00:00
41.49841,-74.13505,2023-12-11 11:10:56+00:00
41.4982,-74.135,2023-12-11 11:10:58+00:00
41.498,-74.13493,2023-12-11 11:10:59+00:00
41.4978,-74.13485,2023-12-11 11:11:01+00:00
41.49761,-74.13475,2023-12-11 11:11:02+00:00
41.49744,-74.13464,2023-12-11 11:11:03+00:00
41.49725,-74.1345,2023-12-11 11:11:05+00:00
41.49707,-74.13434,2023-12-11 11:11:06+00:00
41.49689,-74.13416,2023-12-11 11:11:08+00:00
41.49628,-74.13352,2023-12-11 11:11:13+00:00
41.4959,-74.13312,2023-12-11 11:11:16+00:00
41.49575,-74.13296,2023-12-11 11:11:17+00:00
41.49575,-74.13296,2023-12-11 11:11:17+00:00
41.49635,-74.13199,2023-12-11 11:11:24+00:00
41.49645,-74.1318,2023-12-11 11:11:25+00:00
41.49657,-74.13156,2023-12-11 11:11:26+00:00
41.49667,-74.13131,2023-12-11 11:11:28+00:00
41.49677,-74.13105,2023-12-11 11:11:29+00:00
41.49686,-74.13078,2023-12-11 11:11:31+00:00
41.49693,-74.13051,2023-12-11 11:11:32+00:00
41.49699,-74.13023,2023-12-11 11:11:33+00:00
41.49704,-74.12995,2023-12-11 11:11:35+00:00
41.49708,-74.12967,2023-12-11 11:11:36+00:00
41.4971,-74.12938,2023-12-11 11:11:38+00:00
41.49712,-74.1291,2023-12-11 11:11:39+00:00
41.49711,-74.12881,2023-12-11 11:11:41+00:00
41.4971,-74.12852,2023-12-11 11:11:42+00:00
41.49708,-74.12823,2023-12-11 11:11:44+00:00
41.49704,-74.12794,2023-12-11 11:11:45+00:00
41.4967,-74.12581,2023-12-11 11:11:56+00:00
41.49665,-74.1254,2023-12-11 11:11:58+00:00
41.4966,-74.12495,2023-12-11 11:12:00+00:00
41.49657,-74.12452,2023-12-11 11:12:02+00:00
41.49655,-74.12408,2023-12-11 11:12:05+00:00
41.49654,-74.12365,2023-12-11 11:12:07+00:00
41.49655,-74.12322,2023-12-11 11:12:09+00:00
41.49657,-74.12277,2023-12-11 11:12:11+00:00
41.4966,-74.12235,2023-12-11 11:12:13+00:00
41.49665,-74.12191,2023-12-11 11:12:15+00:00
41.49671,-74.12148,2023-12-11 11:12:18+00:00
41.49678,-74.12106,2023-12-11 11:12:20+00:00
41.49687,-74.12063,2023-12-11 11:12:22+00:00
41.49719,-74.11926,2023-12-11 11:12:29+00:00
41.49726,-74.11898,2023-12-11 11:12:31+00:00
41.49731,-74.11871,2023-12-11 11:12:32+00:00
41.49737,-74.11843,2023-12-11 11:12:34+00:00
41.49742,-74.11814,2023-12-11 11:12:35+00:00
41.49746,-74.11787,2023-12-11 11:12:36+00:00
41.49749,-74.11758,2023-12-11 11:12:38+00:00
41.49753,-74.1173,2023-12-11 11:12:39+00:00
41.49755,-74.117,2023-12-11 11:12:41+00:00
41.49757,-74.11672,2023-12-11 11:12:42+00:00
41.49758,-74.11643,2023-12-11 11:12:44+00:00
41.49759,-74.11614,2023-12-11 11:12:45+00:00
41.49759,-74.11585,2023-12-11 11:12:47+00:00
41.49759,-74.11557,2023-12-11 11:12:48+00:00
41.49758,-74.11527,2023-12-11 11:12:49+00:00
41.49757,-74.11499,2023-12-11 11:12:51+00:00
41.49755,-74.1147,2023-12-11 11:12:52+00:00
41.49752,-74.11442,2023-12-11 11:12:54+00:00
41.49748,-74.11412,2023-12-11 11:12:55+00:00
41.49744,-74.11384,2023-12-11 11:12:57+00:00
41.4974,-74.11356,2023-12-11 11:12:58+00:00
41.49735,-74.11328,2023-12-11 11:13:00+00:00
41.4973,-74.113,2023-12-11 11:13:01+00:00
41.49676,-74.1104,2023-12-11 11:13:14+00:00
41.49666,-74.10993,2023-12-11 11:13:17+00:00
41.4966,-74.10962,2023-12-11 11:13:18+00:00
41.49641,-74.10893,2023-12-11 11:13:22+00:00
41.49636,-74.1087,2023-12-11 11:13:23+00:00
41.49547,-74.10435,2023-12-11 11:13:46+00:00
41.49547,-74.10435,2023-12-11 11:13:46+00:00
41.49556,-74.10431,2023-12-11 11:13:47+00:00
41.49556,-74.10431,2023-12-11 11:13:47+00:00
41.49646,-74.10867,2023-12-11 11:14:09+00:00
41.49649,-74.1089,2023-12-11 11:14:10+00:00
41.4966,-74.10962,2023-12-11 11:14:14+00:00
41.49666,-74.10993,2023-12-11 11:14:16+00:00
41.49676,-74.1104,2023-12-11 11:14:18+00:00
41.4973,-74.113,2023-12-11 11:14:31+00:00
41.49735,-74.11328,2023-12-11 11:14:33+00:00
41.4974,-74.11356,2023-12-11 11:14:34+00:00
41.49744,-74.11384,2023-12-11 11:14:36+00:00
41.49748,-74.11412,2023-12-11 11:14:37+00:00
41.49752,-74.11442,2023-12-11 11:14:39+00:00
41.49755,-74.1147,2023-12-11 11:14:40+00:00
41.49757,-74.11499,2023-12-11 11:14:42+00:00
41.49758,-74.11527,2023-12-11 11:14:43+00:00
41.49759,-74.11557,2023-12-11 11:14:44+00:00
41.49759,-74.11585,2023-12-11 11:14:46+00:00
41.49759,-74.11614,2023-12-11 11:14:47+00:00
41.49758,-74.11643,2023-12-11 11:14:49+00:00
41.49757,-74.11672,2023-12-11 11:14:50+00:00
41.49755,-74.117,2023-12-11 11:14:52+00:00
41.49753,-74.1173,2023-12-11 11:14:53+00:00
41.49749,-74.11758,2023-12-11 11:14:55+00:00
41.49746,-74.11787,2023-12-11 11:14:56+00:00
41.49742,-74.11814,2023-12-11 11:14:57+00:00
41.49737,-74.11843,2023-12-11 11:14:59+00:00
41.49731,-74.11871,2023-12-11 11:15:00+00:00
41.49726,-74.11898,2023-12-11 11:15:02+00:00
41.49719,-74.11926,2023-12-11 11:15:03+00:00
41.49687,-74.12063,2023-12-11 11:15:10+00:00
41.49678,-74.12106,2023-12-11 11:15:13+00:00
41.49671,-74.12148,2023-12-11 11:15:15+00:00
41.49665,-74.12191,2023-12-11 11:15:17+00:00
41.4966,-74.12235,2023-12-11 11:15:19+00:00
41.49658,-74.1226,2023-12-11 11:15:20+00:00
41.49658,-74.1226,2023-12-11 11:15:20+00:00
41.49658,-74.1226,2023-12-11 11:15:20+00:00
41.49657,-74.12277,2023-12-11 11:15:21+00:00
41.49655,-74.12322,2023-12-11 11:15:24+00:00
41.49654,-74.12365,2023-12-11 11:15:26+00:00
41.49655,-74.12408,2023-12-11 11:15:28+00:00
41.49657,-74.12452,2023-12-11 11:15:30+00:00
41.4966,-74.12495,2023-12-11 11:15:32+00:00
41.49665,-74.1254,2023-12-11 11:15:34+00:00
41.4967,-74.12581,2023-12-11 11:15:37+00:00
41.49704,-74.12794,2023-12-11 11:15:47+00:00
41.49708,-74.12823,2023-12-11 11:15:49+00:00
41.4971,-74.12852,2023-12-11 11:15:50+00:00
41.49711,-74.12881,2023-12-11 11:15:52+00:00
41.49712,-74.1291,2023-12-11 11:15:53+00:00
41.4971,-74.12938,2023-12-11 11:15:55+00:00
41.49708,-74.12967,2023-12-11 11:15:56+00:00
41.49704,-74.12995,2023-12-11 11:15:58+00:00
41.49699,-74.13023,2023-12-11 11:15:59+00:00
41.49693,-74.13051,2023-12-11 11:16:00+00:00
41.49686,-74.13078,2023-12-11 11:16:02+00:00
41.49677,-74.13105,2023-12-11 11:16:03+00:00
41.49667,-74.13131,2023-12-11 11:16:05+00:00
41.49657,-74.13156,2023-12-11 11:16:06+00:00
41.49645,-74.1318,2023-12-11 11:16:08+00:00
41.49645,-74.1318,2023-12-11 11:16:08+00:00
41.49635,-74.13199,2023-12-11 11:16:09+00:00
41.49575,-74.13296,2023-12-11 11:16:15+00:00
41.49575,-74.13296,2023-12-11 11:16:15+00:00
41.4959,-74.13312,2023-12-11 11:16:16+00:00
41.49628,-74.13352,2023-12-11 11:16:20+00:00
41.49689,-74.13416,2023-12-11 11:16:25+00:00
41.49707,-74.13434,2023-12-11 11:16:26+00:00
41.49725,-74.1345,2023-12-11 11:16:28+00:00
41.49744,-74.13464,2023-12-11 11:16:29+00:00
41.49761,-74.13475,2023-12-11 11:16:30+00:00
41.4978,-74.13485,2023-12-11 11:16:32+00:00
41.498,-74.13493,2023-12-11 11:16:33+00:00
41.4982,-74.135,2023-12-11 11:16:35+00:00
41.49841,-74.13505,2023-12-11 11:16:36+00:00
41.49862,-74.13508,2023-12-11 11:16:37+00:00
41.49882,-74.13509,2023-12-11 11:16:39+00:00
41.5004,-74.13509,2023-12-11 11:16:49+00:00
41.50285,-74.1351,2023-12-11 11:17:06+00:00
41.50307,-74.1351,2023-12-11 11:17:07+00:00
41.50329,-74.13509,2023-12-11 11:17:09+00:00
41.50351,-74.13507,2023-12-11 11:17:10+00:00
41.50373,-74.13503,2023-12-11 11:17:12+00:00
41.50395,-74.13498,2023-12-11 11:17:13+00:00
41.5046,-74.1347,2023-12-11 11:17:18+00:00
41.50479,-74.13461,2023-12-11 11:17:19+00:00
41.50499,-74.13451,2023-12-11 11:17:20+00:00
41.50517,-74.1344,2023-12-11 11:17:22+00:00
41.50537,-74.13428,2023-12-11 11:17:23+00:00
41.50556,-74.13414,2023-12-11 11:17:25+00:00
41.50575,-74.134,2023-12-11 11:17:26+00:00
41.50752,-74.13248,2023-12-11 11:17:40+00:00
41.50839,-74.13174,2023-12-11 11:17:47+00:00
41.50862,-74.13156,2023-12-11 11:17:49+00:00
41.50886,-74.13138,2023-12-11 11:17:51+00:00
41.5091,-74.13122,2023-12-11 11:17:52+00:00
41.50936,-74.13106,2023-12-11 11:17:54+00:00
41.50957,-74.13094,2023-12-11 11:17:56+00:00
41.50957,-74.13094,2023-12-11 11:17:56+00:00
41.50996,-74.13069,2023-12-11 11:17:59+00:00
41.51002,-74.13064,2023-12-11 11:17:59+00:00
41.51008,-74.13056,2023-12-11 11:18:00+00:00
41.51013,-74.13047,2023-12-11 11:18:00+00:00
41.51017,-74.13036,2023-12-11 11:18:01+00:00
41.5102,-74.13024,2023-12-11 11:18:02+00:00
41.51024,-74.1297,2023-12-11 11:18:04+00:00
41.51027,-74.12947,2023-12-11 11:18:05+00:00
41.51033,-74.12926,2023-12-11 11:18:07+00:00
41.51038,-74.12906,2023-12-11 11:18:08+00:00
41.51046,-74.12886,2023-12-11 11:18:09+00:00
41.51053,-74.12867,2023-12-11 11:18:10+00:00
41.51062,-74.12849,2023-12-11 11:18:11+00:00
41.51073,-74.12832,2023-12-11 11:18:12+00:00
41.51084,-74.12816,2023-12-11 11:18:13+00:00
41.51096,-74.12801,2023-12-11 11:18:14+00:00
41.51143,-74.1275,2023-12-11 11:18:18+00:00
41.51174,-74.12715,2023-12-11 11:18:21+00:00
41.51206,-74.1268,2023-12-11 11:18:24+00:00
41.51217,-74.12667,2023-12-11 11:18:25+00:00
41.51229,-74.1265,2023-12-11 11:18:26+00:00
41.51243,-74.12632,2023-12-11 11:18:27+00:00
41.51253,-74.12615,2023-12-11 11:18:28+00:00
41.51263,-74.12598,2023-12-11 11:18:29+00:00
41.51273,-74.12581,2023-12-11 11:18:30+00:00
41.51283,-74.1256,2023-12-11 11:18:32+00:00
41.51292,-74.12539,2023-12-11 11:18:33+00:00
41.51298,-74.12522,2023-12-11 11:18:34+00:00
41.51307,-74.12497,2023-12-11 11:18:35+00:00
41.5132,-74.12447,2023-12-11 11:18:38+00:00
41.51338,-74.12377,2023-12-11 11:18:41+00:00
41.51347,-74.12359,2023-12-11 11:18:43+00:00
41.51362,-74.12301,2023-12-11 11:18:46+00:00
41.51375,-74.12256,2023-12-11 11:18:48+00:00
41.51388,-74.12211,2023-12-11 11:18:50+00:00
41.51401,-74.12171,2023-12-11 11:18:53+00:00
41.51419,-74.12118,2023-12-11 11:18:56+00:00
41.51428,-74.12094,2023-12-11 11:18:57+00:00
41.51442,-74.12054,2023-12-11 11:18:59+00:00
41.51457,-74.12015,2023-12-11 11:19:01+00:00
41.51472,-74.11975,2023-12-11 11:19:03+00:00
41.51489,-74.11936,2023-12-11 11:19:06+00:00
41.51506,-74.11895,2023-12-11 11:19:08+00:00
41.51523,-74.11859,2023-12-11 11:19:10+00:00
41.51542,-74.11819,2023-12-11 11:19:13+00:00
41.51561,-74.1178,2023-12-11 11:19:15+00:00
41.51585,-74.11733,2023-12-11 11:19:18+00:00
41.51611,-74.11687,2023-12-11 11:19:21+00:00
41.51774,-74.11401,2023-12-11 11:19:39+00:00
41.51774,-74.11401,2023-12-11 11:19:39+00:00
41.51932,-74.11128,2023-12-11 11:19:56+00:00
41.51932,-74.11128,2023-12-11 11:19:56+00:00
41.51932,-74.11128,2023-12-11 11:19:56+00:00
41.52007,-74.10997,2023-12-11 11:20:04+00:00
41.52029,-74.10958,2023-12-11 11:20:06+00:00
41.52058,-74.10906,2023-12-11 11:20:10+00:00
41.52077,-74.10873,2023-12-11 11:20:12+00:00
41.52095,-74.10837,2023-12-11 11:20:14+00:00
41.52113,-74.10803,2023-12-11 11:20:16+00:00
41.52129,-74.10768,2023-12-11 11:20:18+00:00
41.52144,-74.10732,2023-12-11 11:20:20+00:00
41.52158,-74.10694,2023-12-11 11:20:22+00:00
41.52171,-74.10657,2023-12-11 11:20:24+00:00
41.52183,-74.10619,2023-12-11 11:20:26+00:00
41.52194,-74.1058,2023-12-11 11:20:28+00:00
41.52204,-74.1054,2023-12-11 11:20:31+00:00
41.52213,-74.105,2023-12-11 11:20:33+00:00
41.52221,-74.10462,2023-12-11 11:20:35+00:00
41.52228,-74.10421,2023-12-11 11:20:37+00:00
41.52234,-74.10382,2023-12-11 11:20:39+00:00
41.52239,-74.1034,2023-12-11 11:20:41+00:00
41.52242,-74.10299,2023-12-11 11:20:43+00:00
41.52245,-74.10256,2023-12-11 11:20:45+00:00
41.52246,-74.10213,2023-12-11 11:20:47+00:00
41.52247,-74.10174,2023-12-11 11:20:49+00:00
41.52246,-74.10133,2023-12-11 11:20:51+00:00
41.52244,-74.10092,2023-12-11 11:20:53+00:00
41.52241,-74.10053,2023-12-11 11:20:55+00:00
41.52237,-74.10015,2023-12-11 11:20:57+00:00
41.52233,-74.0998,2023-12-11 11:20:59+00:00
41.52227,-74.09939,2023-12-11 11:21:01+00:00
41.5222,-74.09899,2023-12-11 11:21:03+00:00
41.52212,-74.09858,2023-12-11 11:21:05+00:00
41.52203,-74.0982,2023-12-11 11:21:07+00:00
41.52193,-74.09781,2023-12-11 11:21:09+00:00
41.52182,-74.09743,2023-12-11 11:21:11+00:00
41.5217,-74.09707,2023-12-11 11:21:13+00:00
41.52157,-74.09669,2023-12-11 11:21:15+00:00
41.52142,-74.09632,2023-12-11 11:21:17+00:00
41.52128,-74.09596,2023-12-11 11:21:19+00:00
41.52111,-74.09559,2023-12-11 11:21:22+00:00
41.52095,-74.09523,2023-12-11 11:21:24+00:00
41.52063,-74.09454,2023-12-11 11:21:28+00:00
41.51776,-74.0883,2023-12-11 11:22:04+00:00
41.51755,-74.08784,2023-12-11 11:22:07+00:00
41.51731,-74.0873,2023-12-11 11:22:10+00:00
41.51709,-74.08679,2023-12-11 11:22:13+00:00
41.51689,-74.08628,2023-12-11 11:22:16+00:00
41.5167,-74.08577,2023-12-11 11:22:19+00:00
41.51651,-74.08524,2023-12-11 11:22:22+00:00
41.51634,-74.08472,2023-12-11 11:22:25+00:00
41.51617,-74.08418,2023-12-11 11:22:27+00:00
41.51602,-74.08365,2023-12-11 11:22:30+00:00
41.51587,-74.08312,2023-12-11 11:22:33+00:00
41.51574,-74.08258,2023-12-11 11:22:36+00:00
41.51561,-74.08202,2023-12-11 11:22:39+00:00
41.51549,-74.08147,2023-12-11 11:22:42+00:00
41.51539,-74.08091,2023-12-11 11:22:45+00:00
41.51529,-74.08035,2023-12-11 11:22:48+00:00
41.51526,-74.08016,2023-12-11 11:22:48+00:00
41.5152,-74.07979,2023-12-11 11:22:50+00:00
41.51512,-74.07921,2023-12-11 11:22:53+00:00
41.51505,-74.07863,2023-12-11 11:22:56+00:00
41.515,-74.07808,2023-12-11 11:22:59+00:00
41.51496,-74.07753,2023-12-11 11:23:02+00:00
41.51496,-74.07753,2023-12-11 11:23:02+00:00
41.51484,-74.07658,2023-12-11 11:23:07+00:00
41.51456,-74.07404,2023-12-11 11:23:19+00:00
41.51455,-74.07396,2023-12-11 11:23:20+00:00
41.51452,-74.0738,2023-12-11 11:23:21+00:00
41.51449,-74.07364,2023-12-11 11:23:21+00:00
41.51445,-74.07349,2023-12-11 11:23:22+00:00
41.5144,-74.07333,2023-12-11 11:23:23+00:00
41.51434,-74.07317,2023-12-11 11:23:24+00:00
41.51428,-74.07304,2023-12-11 11:23:25+00:00
41.51421,-74.07291,2023-12-11 11:23:26+00:00
41.51413,-74.07279,2023-12-11 11:23:26+00:00
41.51405,-74.07268,2023-12-11 11:23:27+00:00
41.51397,-74.07257,2023-12-11 11:23:28+00:00
41.5139,-74.07249,2023-12-11 11:23:29+00:00
41.51366,-74.07228,2023-12-11 11:23:30+00:00
41.51357,-74.0722,2023-12-11 11:23:31+00:00
41.51346,-74.07213,2023-12-11 11:23:32+00:00
41.51335,-74.07208,2023-12-11 11:23:33+00:00
41.5132,-74.07201,2023-12-11 11:23:34+00:00
41.51289,-74.07185,2023-12-11 11:23:36+00:00
41.51279,-74.07179,2023-12-11 11:23:37+00:00
41.5127,-74.07172,2023-12-11 11:23:37+00:00
41.51261,-74.07165,2023-12-11 11:23:38+00:00
41.51236,-74.07142,2023-12-11 11:23:40+00:00
41.51204,-74.07128,2023-12-11 11:23:42+00:00
41.51195,-74.07124,2023-12-11 11:23:43+00:00
41.51191,-74.07122,2023-12-11 11:23:43+00:00
41.51187,-74.0712,2023-12-11 11:23:44+00:00
41.51177,-74.07116,2023-12-11 11:23:44+00:00
41.51147,-74.07102,2023-12-11 11:23:46+00:00
41.51134,-74.07097,2023-12-11 11:23:47+00:00
41.51122,-74.07093,2023-12-11 11:23:48+00:00
41.51109,-74.0709,2023-12-11 11:23:49+00:00
41.51096,-74.07088,2023-12-11 11:23:50+00:00
41.51084,-74.07086,2023-12-11 11:23:51+00:00
41.51073,-74.07086,2023-12-11 11:23:51+00:00
41.5106,-74.07087,2023-12-11 11:23:52+00:00
41.51047,-74.07091,2023-12-11 11:23:53+00:00
41.51036,-74.07096,2023-12-11 11:23:54+00:00
41.51026,-74.07102,2023-12-11 11:23:55+00:00
41.51015,-74.0711,2023-12-11 11:23:56+00:00
41.51007,-74.07118,2023-12-11 11:23:56+00:00
41.50998,-74.07128,2023-12-11 11:23:57+00:00
41.5099,-74.07138,2023-12-11 11:23:58+00:00
41.50984,-74.07149,2023-12-11 11:23:58+00:00
41.50978,-74.07163,2023-12-11 11:23:59+00:00
41.50973,-74.0718,2023-12-11 11:24:00+00:00
41.50973,-74.0718,2023-12-11 11:24:00+00:00
41.50969,-74.07196,2023-12-11 11:24:01+00:00
41.50966,-74.07214,2023-12-11 11:24:02+00:00
41.50965,-74.07235,2023-12-11 11:24:03+00:00
41.50965,-74.07256,2023-12-11 11:24:04+00:00
41.50965,-74.07286,2023-12-11 11:24:06+00:00
41.50966,-74.07307,2023-12-11 11:24:07+00:00
41.50967,-74.07325,2023-12-11 11:24:07+00:00
41.50969,-74.07346,2023-12-11 11:24:09+00:00
41.50977,-74.07393,2023-12-11 11:24:11+00:00
41.50989,-74.07482,2023-12-11 11:24:15+00:00
41.50999,-74.07542,2023-12-11 11:24:19+00:00
41.51,-74.07555,2023-12-11 11:24:19+00:00
41.51,-74.07569,2023-12-11 11:24:20+00:00
41.50999,-74.07582,2023-12-11 11:24:21+00:00
41.50997,-74.07595,2023-12-11 11:24:21+00:00
41.50993,-74.07607,2023-12-11 11:24:22+00:00
41.50989,-74.07618,2023-12-11 11:24:22+00:00
41.50984,-74.07629,2023-12-11 11:24:23+00:00
41.50977,-74.0764,2023-12-11 11:24:24+00:00
41.50969,-74.07649,2023-12-11 11:24:25+00:00
41.5096,-74.07657,2023-12-11 11:24:25+00:00
41.50952,-74.07663,2023-12-11 11:24:26+00:00
41.50942,-74.07668,2023-12-11 11:24:27+00:00
41.50933,-74.07671,2023-12-11 11:24:27+00:00
41.50924,-74.07672,2023-12-11 11:24:28+00:00
41.50915,-74.07672,2023-12-11 11:24:28+00:00
41.50905,-74.07671,2023-12-11 11:24:29+00:00
41.50896,-74.07668,2023-12-11 11:24:30+00:00
41.50887,-74.07664,2023-12-11 11:24:30+00:00
41.50878,-74.07658,2023-12-11 11:24:31+00:00
41.50866,-74.0765,2023-12-11 11:24:32+00:00
41.50793,-74.07599,2023-12-11 11:24:37+00:00
41.50782,-74.07591,2023-12-11 11:24:38+00:00
41.5077,-74.07583,2023-12-11 11:24:39+00:00
41.50758,-74.07576,2023-12-11 11:24:40+00:00
41.50745,-74.0757,2023-12-11 11:24:41+00:00
41.50733,-74.07565,2023-12-11 11:24:42+00:00
41.50721,-74.07561,2023-12-11 11:24:43+00:00
41.50706,-74.07557,2023-12-11 11:24:44+00:00
41.50692,-74.07555,2023-12-11 11:24:45+00:00
41.50679,-74.07553,2023-12-11 11:24:45+00:00
41.50666,-74.07552,2023-12-11 11:24:46+00:00
41.50655,-74.07552,2023-12-11 11:24:47+00:00
41.50644,-74.07553,2023-12-11 11:24:48+00:00
41.50633,-74.07554,2023-12-11 11:24:48+00:00
41.50621,-74.07555,2023-12-11 11:24:49+00:00
41.50532,-74.07572,2023-12-11 11:24:55+00:00
41.50355,-74.07621,2023-12-11 11:25:07+00:00
41.50312,-74.07633,2023-12-11 11:25:10+00:00
41.50296,-74.07637,2023-12-11 11:25:11+00:00
41.50159,-74.07675,2023-12-11 11:25:21+00:00
41.50034,-74.07704,2023-12-11 11:25:29+00:00
41.49905,-74.07731,2023-12-11 11:25:38+00:00
41.49517,-74.07803,2023-12-11 11:26:04+00:00
41.49469,-74.07813,2023-12-11 11:26:07+00:00
41.49421,-74.07821,2023-12-11 11:26:10+00:00
41.49182,-74.07865,2023-12-11 11:26:27+00:00
41.49101,-74.0788,2023-12-11 11:26:32+00:00
41.49023,-74.07895,2023-12-11 11:26:37+00:00
41.48988,-74.07898,2023-12-11 11:26:40+00:00
41.48938,-74.07909,2023-12-11 11:26:43+00:00
41.48882,-74.07918,2023-12-11 11:26:47+00:00
41.48749,-74.07944,2023-12-11 11:26:56+00:00
41.48706,-74.07952,2023-12-11 11:26:59+00:00
41.48611,-74.07961,2023-12-11 11:27:05+00:00
41.48588,-74.07963,2023-12-11 11:27:07+00:00
41.48572,-74.07964,2023-12-11 11:27:08+00:00
41.48528,-74.07965,2023-12-11 11:27:11+00:00
41.48471,-74.07965,2023-12-11 11:27:14+00:00
41.48425,-74.07964,2023-12-11 11:27:17+00:00
41.48373,-74.07959,2023-12-11 11:27:21+00:00
41.48299,-74.07952,2023-12-11 11:27:26+00:00
41.48253,-74.07946,2023-12-11 11:27:29+00:00
41.48185,-74.07932,2023-12-11 11:27:34+00:00
41.48136,-74.0792,2023-12-11 11:27:37+00:00
41.48041,-74.07892,2023-12-11 11:27:43+00:00
41.47944,-74.07857,2023-12-11 11:27:50+00:00
41.47897,-74.07837,2023-12-11 11:27:53+00:00
41.47833,-74.07806,2023-12-11 11:27:58+00:00
41.47766,-74.07772,2023-12-11 11:28:03+00:00
41.47716,-74.07743,2023-12-11 11:28:06+00:00
41.47137,-74.0739,2023-12-11 11:28:49+00:00
41.46531,-74.07019,2023-12-11 11:29:33+00:00
41.4649,-74.06993,2023-12-11 11:29:36+00:00
41.46088,-74.06748,2023-12-11 11:30:06+00:00
41.4595,-74.06663,2023-12-11 11:30:16+00:00
41.45857,-74.06607,2023-12-11 11:30:23+00:00
41.4581,-74.06581,2023-12-11 11:30:26+00:00
41.45758,-74.06555,2023-12-11 11:30:30+00:00
41.45697,-74.06529,2023-12-11 11:30:34+00:00
41.45678,-74.06522,2023-12-11 11:30:35+00:00
41.45606,-74.06498,2023-12-11 11:30:40+00:00
41.4558,-74.0649,2023-12-11 11:30:42+00:00
41.45515,-74.06474,2023-12-11 11:30:47+00:00
41.45473,-74.06467,2023-12-11 11:30:49+00:00
41.45433,-74.06461,2023-12-11 11:30:52+00:00
41.45403,-74.06457,2023-12-11 11:30:54+00:00
41.45345,-74.06453,2023-12-11 11:30:58+00:00
41.45287,-74.06453,2023-12-11 11:31:02+00:00
41.45227,-74.06454,2023-12-11 11:31:06+00:00
41.45205,-74.06455,2023-12-11 11:31:07+00:00
41.45156,-74.06462,2023-12-11 11:31:11+00:00
41.45072,-74.06477,2023-12-11 11:31:16+00:00
41.44997,-74.06496,2023-12-11 11:31:21+00:00
41.44823,-74.06544,2023-12-11 11:31:33+00:00
41.44458,-74.06642,2023-12-11 11:31:58+00:00
41.44437,-74.06647,2023-12-11 11:31:59+00:00
41.44365,-74.06664,2023-12-11 11:32:04+00:00
41.44273,-74.06684,2023-12-11 11:32:11+00:00
41.44201,-74.06698,2023-12-11 11:32:15+00:00
41.44094,-74.06717,2023-12-11 11:32:23+00:00
41.44042,-74.06725,2023-12-11 11:32:26+00:00
41.43944,-74.06738,2023-12-11 11:32:33+00:00
41.43807,-74.06753,2023-12-11 11:32:42+00:00
41.43518,-74.06779,2023-12-11 11:33:01+00:00
41.43502,-74.06781,2023-12-11 11:33:02+00:00
41.43435,-74.06787,2023-12-11 11:33:07+00:00
41.4337,-74.06792,2023-12-11 11:33:11+00:00
41.4324,-74.06804,2023-12-11 11:33:20+00:00
41.43054,-74.0682,2023-12-11 11:33:32+00:00
41.42385,-74.0688,2023-12-11 11:34:17+00:00
41.41943,-74.0692,2023-12-11 11:34:46+00:00
41.41899,-74.06926,2023-12-11 11:34:49+00:00
41.41852,-74.06933,2023-12-11 11:34:53+00:00
41.41804,-74.06944,2023-12-11 11:34:56+00:00
41.41757,-74.06958,2023-12-11 11:34:59+00:00
41.41709,-74.06976,2023-12-11 11:35:02+00:00
41.41661,-74.06997,2023-12-11 11:35:06+00:00
41.41614,-74.07022,2023-12-11 11:35:09+00:00
41.41547,-74.07064,2023-12-11 11:35:14+00:00
41.41508,-74.07093,2023-12-11 11:35:17+00:00
41.41477,-74.07118,2023-12-11 11:35:19+00:00
41.41422,-74.07168,2023-12-11 11:35:24+00:00
41.41399,-74.07191,2023-12-11 11:35:26+00:00
41.41326,-74.07269,2023-12-11 11:35:32+00:00
41.41216,-74.07393,2023-12-11 11:35:42+00:00
41.40953,-74.07687,2023-12-11 11:36:05+00:00
41.40904,-74.07744,2023-12-11 11:36:09+00:00
41.40883,-74.07766,2023-12-11 11:36:11+00:00
41.40702,-74.0797,2023-12-11 11:36:26+00:00
41.40625,-74.08057,2023-12-11 11:36:33+00:00
41.40587,-74.08098,2023-12-11 11:36:36+00:00
41.39943,-74.08822,2023-12-11 11:37:33+00:00
41.39883,-74.0889,2023-12-11 11:37:38+00:00
41.39719,-74.09065,2023-12-11 11:37:52+00:00
41.39652,-74.09132,2023-12-11 11:37:58+00:00
41.39497,-74.09272,2023-12-11 11:38:10+00:00
41.39367,-74.09375,2023-12-11 11:38:20+00:00
41.39334,-74.094,2023-12-11 11:38:23+00:00
41.39181,-74.09516,2023-12-11 11:38:34+00:00
41.38878,-74.09746,2023-12-11 11:38:58+00:00
41.3874,-74.09851,2023-12-11 11:39:08+00:00
41.38645,-74.09924,2023-12-11 11:39:16+00:00
41.3855,-74.09995,2023-12-11 11:39:23+00:00
41.38355,-74.10144,2023-12-11 11:39:38+00:00
41.38296,-74.10188,2023-12-11 11:39:42+00:00
41.38241,-74.10225,2023-12-11 11:39:46+00:00
41.38159,-74.10267,2023-12-11 11:39:52+00:00
41.38115,-74.10287,2023-12-11 11:39:55+00:00
41.38068,-74.10305,2023-12-11 11:39:59+00:00
41.37988,-74.10327,2023-12-11 11:40:04+00:00
41.37959,-74.10334,2023-12-11 11:40:06+00:00
41.37932,-74.10338,2023-12-11 11:40:08+00:00
41.37893,-74.10344,2023-12-11 11:40:10+00:00
41.37811,-74.10349,2023-12-11 11:40:16+00:00
41.37778,-74.10349,2023-12-11 11:40:18+00:00
41.37753,-74.10348,2023-12-11 11:40:20+00:00
41.37705,-74.10344,2023-12-11 11:40:23+00:00
41.37645,-74.10335,2023-12-11 11:40:27+00:00
41.37591,-74.10323,2023-12-11 11:40:31+00:00
41.37549,-74.10311,2023-12-11 11:40:34+00:00
41.37446,-74.10277,2023-12-11 11:40:41+00:00
41.37425,-74.10269,2023-12-11 11:40:42+00:00
41.37369,-74.10249,2023-12-11 11:40:46+00:00
41.37353,-74.10243,2023-12-11 11:40:47+00:00
41.3725,-74.10206,2023-12-11 11:40:54+00:00
41.37195,-74.10191,2023-12-11 11:40:58+00:00
41.37148,-74.10181,2023-12-11 11:41:01+00:00
41.37076,-74.10169,2023-12-11 11:41:06+00:00
41.37028,-74.10166,2023-12-11 11:41:09+00:00
41.36953,-74.10164,2023-12-11 11:41:14+00:00
41.36884,-74.10169,2023-12-11 11:41:19+00:00
41.36821,-74.10179,2023-12-11 11:41:23+00:00
41.36773,-74.10189,2023-12-11 11:41:26+00:00
41.36702,-74.10209,2023-12-11 11:41:31+00:00
41.36655,-74.10226,2023-12-11 11:41:34+00:00
41.36609,-74.10244,2023-12-11 11:41:38+00:00
41.36469,-74.10303,2023-12-11 11:41:47+00:00
41.36394,-74.10337,2023-12-11 11:41:53+00:00
41.36341,-74.10364,2023-12-11 11:41:56+00:00
41.36224,-74.10422,2023-12-11 11:42:05+00:00
41.36089,-74.10495,2023-12-11 11:42:14+00:00
41.35994,-74.10549,2023-12-11 11:42:21+00:00
41.35899,-74.10606,2023-12-11 11:42:28+00:00
41.3585,-74.10638,2023-12-11 11:42:32+00:00
41.35793,-74.10678,2023-12-11 11:42:36+00:00
41.35707,-74.1074,2023-12-11 11:42:43+00:00
41.35612,-74.10817,2023-12-11 11:42:50+00:00
41.35557,-74.10865,2023-12-11 11:42:55+00:00
41.35468,-74.10947,2023-12-11 11:43:02+00:00
41.35337,-74.11078,2023-12-11 11:43:13+00:00
41.35213,-74.11204,2023-12-11 11:43:23+00:00
41.351,-74.11318,2023-12-11 11:43:33+00:00
41.35045,-74.11374,2023-12-11 11:43:37+00:00
41.34985,-74.11431,2023-12-11 11:43:42+00:00
41.34942,-74.1147,2023-12-11 11:43:46+00:00
41.34876,-74.11522,2023-12-11 11:43:51+00:00
41.34831,-74.11553,2023-12-11 11:43:54+00:00
41.34766,-74.11591,2023-12-11 11:43:59+00:00
41.34696,-74.11629,2023-12-11 11:44:04+00:00
41.34639,-74.11655,2023-12-11 11:44:08+00:00
41.34555,-74.11686,2023-12-11 11:44:14+00:00
41.34509,-74.117,2023-12-11 11:44:17+00:00
41.34496,-74.11704,2023-12-11 11:44:18+00:00
41.34496,-74.11704,2023-12-11 11:44:18+00:00
41.34496,-74.11704,2023-12-11 11:44:18+00:00
41.34465,-74.11712,2023-12-11 11:44:20+00:00
41.34416,-74.11722,2023-12-11 11:44:23+00:00
41.34347,-74.11735,2023-12-11 11:44:28+00:00
41.34326,-74.11737,2023-12-11 11:44:29+00:00
41.34294,-74.1174,2023-12-11 11:44:31+00:00
41.34257,-74.11743,2023-12-11 11:44:34+00:00
41.34236,-74.11745,2023-12-11 11:44:35+00:00
41.34204,-74.11747,2023-12-11 11:44:37+00:00
41.34152,-74.11747,2023-12-11 11:44:41+00:00
41.34106,-74.11746,2023-12-11 11:44:44+00:00
41.34058,-74.11742,2023-12-11 11:44:47+00:00
41.33985,-74.11733,2023-12-11 11:44:52+00:00
41.33917,-74.1172,2023-12-11 11:44:57+00:00
41.33872,-74.1171,2023-12-11 11:45:00+00:00
41.33832,-74.11699,2023-12-11 11:45:02+00:00
41.33767,-74.11678,2023-12-11 11:45:07+00:00
41.33722,-74.11661,2023-12-11 11:45:10+00:00
41.33687,-74.11647,2023-12-11 11:45:12+00:00
41.33651,-74.11632,2023-12-11 11:45:15+00:00
41.3351,-74.11568,2023-12-11 11:45:25+00:00
41.33495,-74.11561,2023-12-11 11:45:26+00:00
41.33152,-74.11406,2023-12-11 11:45:50+00:00
41.3313,-74.11395,2023-12-11 11:45:52+00:00
41.33098,-74.11381,2023-12-11 11:45:54+00:00
41.33067,-74.11368,2023-12-11 11:45:56+00:00
41.33036,-74.11356,2023-12-11 11:45:58+00:00
41.33005,-74.11344,2023-12-11 11:46:00+00:00
41.32973,-74.11333,2023-12-11 11:46:03+00:00
41.32942,-74.11323,2023-12-11 11:46:05+00:00
41.32911,-74.11314,2023-12-11 11:46:07+00:00
41.32878,-74.11305,2023-12-11 11:46:09+00:00
41.32847,-74.11297,2023-12-11 11:46:11+00:00
41.32815,-74.1129,2023-12-11 11:46:13+00:00
41.32783,-74.11284,2023-12-11 11:46:15+00:00
41.3275,-74.11278,2023-12-11 11:46:18+00:00
41.32719,-74.11274,2023-12-11 11:46:20+00:00
41.32686,-74.11269,2023-12-11 11:46:22+00:00
41.32653,-74.11266,2023-12-11 11:46:24+00:00
41.3262,-74.11264,2023-12-11 11:46:26+00:00
41.32588,-74.11263,2023-12-11 11:46:29+00:00
41.32555,-74.11263,2023-12-11 11:46:31+00:00
41.32523,-74.11264,2023-12-11 11:46:33+00:00
41.32491,-74.11266,2023-12-11 11:46:35+00:00
41.32457,-74.11268,2023-12-11 11:46:37+00:00
41.32426,-74.1127,2023-12-11 11:46:39+00:00
41.32395,-74.11273,2023-12-11 11:46:41+00:00
41.32363,-74.11277,2023-12-11 11:46:44+00:00
41.32326,-74.11282,2023-12-11 11:46:46+00:00
41.32294,-74.11288,2023-12-11 11:46:48+00:00
41.32265,-74.11293,2023-12-11 11:46:50+00:00
41.32232,-74.113,2023-12-11 11:46:52+00:00
41.32202,-74.11308,2023-12-11 11:46:54+00:00
41.32169,-74.11317,2023-12-11 11:46:57+00:00
41.32137,-74.11326,2023-12-11 11:46:59+00:00
41.32107,-74.11336,2023-12-11 11:47:01+00:00
41.32076,-74.11348,2023-12-11 11:47:03+00:00
41.32044,-74.1136,2023-12-11 11:47:05+00:00
41.32013,-74.1137,2023-12-11 11:47:07+00:00
41.31983,-74.11381,2023-12-11 11:47:10+00:00
41.31953,-74.11394,2023-12-11 11:47:12+00:00
41.31921,-74.11408,2023-12-11 11:47:14+00:00
41.31892,-74.11422,2023-12-11 11:47:16+00:00
41.31866,-74.11437,2023-12-11 11:47:18+00:00
41.31841,-74.1145,2023-12-11 11:47:20+00:00
41.31813,-74.11467,2023-12-11 11:47:22+00:00
41.31783,-74.11485,2023-12-11 11:47:24+00:00
41.31755,-74.11503,2023-12-11 11:47:26+00:00
41.31726,-74.11523,2023-12-11 11:47:28+00:00
41.31699,-74.11541,2023-12-11 11:47:30+00:00
41.31668,-74.11564,2023-12-11 11:47:32+00:00
41.31641,-74.11584,2023-12-11 11:47:35+00:00
41.31613,-74.11606,2023-12-11 11:47:37+00:00
41.31606,-74.11612,2023-12-11 11:47:37+00:00
41.31587,-74.11628,2023-12-11 11:47:39+00:00
41.31587,-74.11628,2023-12-11 11:47:39+00:00
41.31586,-74.11629,2023-12-11 11:47:39+00:00
41.31559,-74.11653,2023-12-11 11:47:41+00:00
41.31532,-74.11676,2023-12-11 11:47:43+00:00
41.31507,-74.117,2023-12-11 11:47:45+00:00
41.31481,-74.11725,2023-12-11 11:47:47+00:00
41.31454,-74.11752,2023-12-11 11:47:50+00:00
41.31427,-74.1178,2023-12-11 11:47:52+00:00
41.31403,-74.11806,2023-12-11 11:47:54+00:00
41.31378,-74.11834,2023-12-11 11:47:56+00:00
41.31354,-74.11861,2023-12-11 11:47:58+00:00
41.31329,-74.11892,2023-12-11 11:48:01+00:00
41.31305,-74.11921,2023-12-11 11:48:03+00:00
41.31283,-74.11951,2023-12-11 11:48:05+00:00
41.3126,-74.11981,2023-12-11 11:48:07+00:00
41.31237,-74.12013,2023-12-11 11:48:09+00:00
41.31215,-74.12045,2023-12-11 11:48:11+00:00
41.31194,-74.12077,2023-12-11 11:48:13+00:00
41.31172,-74.1211,2023-12-11 11:48:16+00:00
41.31151,-74.12143,2023-12-11 11:48:18+00:00
41.3114,-74.12161,2023-12-11 11:48:19+00:00
41.30878,-74.12577,2023-12-11 11:48:46+00:00
41.30856,-74.12612,2023-12-11 11:48:48+00:00
41.30836,-74.12645,2023-12-11 11:48:51+00:00
41.30815,-74.12677,2023-12-11 11:48:53+00:00
41.30792,-74.12711,2023-12-11 11:48:55+00:00
41.3077,-74.12743,2023-12-11 11:48:57+00:00
41.30746,-74.12776,2023-12-11 11:49:00+00:00
41.30727,-74.12802,2023-12-11 11:49:01+00:00
41.30711,-74.12826,2023-12-11 11:49:03+00:00
41.30693,-74.12847,2023-12-11 11:49:05+00:00
41.30677,-74.12868,2023-12-11 11:49:06+00:00
41.30651,-74.12899,2023-12-11 11:49:08+00:00
41.30608,-74.12946,2023-12-11 11:49:12+00:00
41.30551,-74.13006,2023-12-11 11:49:17+00:00
41.30495,-74.13064,2023-12-11 11:49:22+00:00
41.30424,-74.13134,2023-12-11 11:49:28+00:00
41.30327,-74.13227,2023-12-11 11:49:36+00:00
41.30301,-74.1325,2023-12-11 11:49:38+00:00
41.30017,-74.13502,2023-12-11 11:50:00+00:00
41.29916,-74.13586,2023-12-11 11:50:08+00:00
41.29835,-74.13646,2023-12-11 11:50:15+00:00
41.29806,-74.13666,2023-12-11 11:50:17+00:00
41.29776,-74.13686,2023-12-11 11:50:19+00:00
41.29746,-74.13705,2023-12-11 11:50:21+00:00
41.29716,-74.13723,2023-12-11 11:50:23+00:00
41.29686,-74.13741,2023-12-11 11:50:26+00:00
41.29656,-74.13758,2023-12-11 11:50:28+00:00
41.29625,-74.13775,2023-12-11 11:50:30+00:00
41.29595,-74.13791,2023-12-11 11:50:32+00:00
41.29564,-74.13806,2023-12-11 11:50:34+00:00
41.29533,-74.13821,2023-12-11 11:50:37+00:00
41.29502,-74.13835,2023-12-11 11:50:39+00:00
41.29471,-74.13849,2023-12-11 11:50:41+00:00
41.29438,-74.13862,2023-12-11 11:50:43+00:00
41.29407,-74.13874,2023-12-11 11:50:45+00:00
41.29376,-74.13885,2023-12-11 11:50:47+00:00
41.29344,-74.13897,2023-12-11 11:50:50+00:00
41.29312,-74.13907,2023-12-11 11:50:52+00:00
41.29279,-74.13917,2023-12-11 11:50:54+00:00
41.29248,-74.13927,2023-12-11 11:50:56+00:00
41.28799,-74.1406,2023-12-11 11:51:27+00:00
41.28778,-74.14066,2023-12-11 11:51:28+00:00
41.28773,-74.14068,2023-12-11 11:51:29+00:00
41.28746,-74.14076,2023-12-11 11:51:31+00:00
41.2872,-74.14084,2023-12-11 11:51:32+00:00
41.28693,-74.14093,2023-12-11 11:51:34+00:00
41.28667,-74.14102,2023-12-11 11:51:36+00:00
41.2864,-74.14112,2023-12-11 11:51:38+00:00
41.28613,-74.14123,2023-12-11 11:51:40+00:00
41.28589,-74.14133,2023-12-11 11:51:41+00:00
41.28563,-74.14144,2023-12-11 11:51:43+00:00
41.28537,-74.14157,2023-12-11 11:51:45+00:00
41.28512,-74.14169,2023-12-11 11:51:47+00:00
41.28487,-74.14182,2023-12-11 11:51:49+00:00
41.28462,-74.14196,2023-12-11 11:51:50+00:00
41.28437,-74.1421,2023-12-11 11:51:52+00:00
41.28412,-74.14226,2023-12-11 11:51:54+00:00
41.28388,-74.14242,2023-12-11 11:51:56+00:00
41.28364,-74.14258,2023-12-11 11:51:58+00:00
41.28341,-74.14275,2023-12-11 11:51:59+00:00
41.28317,-74.14293,2023-12-11 11:52:01+00:00
41.28294,-74.14311,2023-12-11 11:52:03+00:00
41.2827,-74.1433,2023-12-11 11:52:05+00:00
41.28247,-74.1435,2023-12-11 11:52:07+00:00
41.28221,-74.14374,2023-12-11 11:52:09+00:00
41.27398,-74.15101,2023-12-11 11:53:15+00:00
41.27376,-74.1512,2023-12-11 11:53:17+00:00
41.27352,-74.15141,2023-12-11 11:53:18+00:00
41.27329,-74.1516,2023-12-11 11:53:20+00:00
41.27309,-74.15178,2023-12-11 11:53:22+00:00
41.27281,-74.15199,2023-12-11 11:53:24+00:00
41.27253,-74.15221,2023-12-11 11:53:26+00:00
41.27233,-74.15235,2023-12-11 11:53:28+00:00
41.27208,-74.15253,2023-12-11 11:53:30+00:00
41.27183,-74.15271,2023-12-11 11:53:32+00:00
41.27159,-74.15286,2023-12-11 11:53:33+00:00
41.27133,-74.15303,2023-12-11 11:53:35+00:00
41.27107,-74.15318,2023-12-11 11:53:37+00:00
41.27082,-74.15333,2023-12-11 11:53:39+00:00
41.27056,-74.15346,2023-12-11 11:53:41+00:00
41.27026,-74.15362,2023-12-11 11:53:43+00:00
41.26995,-74.15378,2023-12-11 11:53:45+00:00
41.26963,-74.15393,2023-12-11 11:53:47+00:00
41.26932,-74.15408,2023-12-11 11:53:50+00:00
41.26901,-74.15423,2023-12-11 11:53:52+00:00
41.26869,-74.15438,2023-12-11 11:53:54+00:00
41.26839,-74.15453,2023-12-11 11:53:56+00:00
41.26807,-74.15468,2023-12-11 11:53:58+00:00
41.26777,-74.15483,2023-12-11 11:54:01+00:00
41.26746,-74.15498,2023-12-11 11:54:03+00:00
41.26704,-74.15518,2023-12-11 11:54:06+00:00
41.26674,-74.15533,2023-12-11 11:54:08+00:00
41.26643,-74.15548,2023-12-11 11:54:10+00:00
41.26542,-74.15597,2023-12-11 11:54:17+00:00
41.26159,-74.15782,2023-12-11 11:54:45+00:00
41.26128,-74.15797,2023-12-11 11:54:47+00:00
41.2612,-74.15801,2023-12-11 11:54:47+00:00
41.26097,-74.15812,2023-12-11 11:54:49+00:00
41.26067,-74.15827,2023-12-11 11:54:51+00:00
41.26037,-74.15842,2023-12-11 11:54:53+00:00
41.26006,-74.15857,2023-12-11 11:54:55+00:00
41.25976,-74.15874,2023-12-11 11:54:58+00:00
41.25946,-74.1589,2023-12-11 11:55:00+00:00
41.25918,-74.15907,2023-12-11 11:55:02+00:00
41.25889,-74.15925,2023-12-11 11:55:04+00:00
41.25859,-74.15944,2023-12-11 11:55:06+00:00
41.25829,-74.15964,2023-12-11 11:55:08+00:00
41.25801,-74.15984,2023-12-11 11:55:10+00:00
41.25773,-74.16004,2023-12-11 11:55:13+00:00
41.25744,-74.16026,2023-12-11 11:55:15+00:00
41.25717,-74.16047,2023-12-11 11:55:17+00:00
41.25689,-74.16069,2023-12-11 11:55:19+00:00
41.25661,-74.16092,2023-12-11 11:55:21+00:00
41.25633,-74.16116,2023-12-11 11:55:24+00:00
41.25607,-74.16139,2023-12-11 11:55:26+00:00
41.25579,-74.16164,2023-12-11 11:55:28+00:00
41.25185,-74.16527,2023-12-11 11:56:00+00:00
41.25158,-74.16552,2023-12-11 11:56:02+00:00
41.25131,-74.16577,2023-12-11 11:56:04+00:00
41.25103,-74.16601,2023-12-11 11:56:06+00:00
41.25077,-74.16624,2023-12-11 11:56:09+00:00
41.25048,-74.16648,2023-12-11 11:56:11+00:00
41.2502,-74.16671,2023-12-11 11:56:13+00:00
41.24992,-74.16693,2023-12-11 11:56:15+00:00
41.24964,-74.16715,2023-12-11 11:56:17+00:00
41.24935,-74.16737,2023-12-11 11:56:20+00:00
41.24906,-74.16758,2023-12-11 11:56:22+00:00
41.24877,-74.16778,2023-12-11 11:56:24+00:00
41.24847,-74.16799,2023-12-11 11:56:26+00:00
41.24818,-74.16819,2023-12-11 11:56:28+00:00
41.24789,-74.16837,2023-12-11 11:56:31+00:00
41.24758,-74.16857,2023-12-11 11:56:33+00:00
41.24729,-74.16875,2023-12-11 11:56:35+00:00
41.24698,-74.16893,2023-12-11 11:56:37+00:00
41.24667,-74.16911,2023-12-11 11:56:39+00:00
41.24637,-74.16928,2023-12-11 11:56:42+00:00
41.24607,-74.16945,2023-12-11 11:56:44+00:00
41.24576,-74.16963,2023-12-11 11:56:46+00:00
41.24546,-74.16979,2023-12-11 11:56:48+00:00
41.24515,-74.16995,2023-12-11 11:56:50+00:00
41.24484,-74.17011,2023-12-11 11:56:53+00:00
41.24454,-74.17026,2023-12-11 11:56:55+00:00
41.24423,-74.17041,2023-12-11 11:56:57+00:00
41.24392,-74.17056,2023-12-11 11:56:59+00:00
41.2436,-74.17071,2023-12-11 11:57:01+00:00
41.24329,-74.17085,2023-12-11 11:57:04+00:00
41.24298,-74.17099,2023-12-11 11:57:06+00:00
41.24266,-74.17113,2023-12-11 11:57:08+00:00
41.24235,-74.17126,2023-12-11 11:57:10+00:00
41.24203,-74.17139,2023-12-11 11:57:12+00:00
41.24171,-74.17151,2023-12-11 11:57:15+00:00
41.2414,-74.17164,2023-12-11 11:57:17+00:00
41.24107,-74.17176,2023-12-11 11:57:19+00:00
41.23772,-74.17301,2023-12-11 11:57:42+00:00
41.23746,-74.17311,2023-12-11 11:57:44+00:00
41.23719,-74.17321,2023-12-11 11:57:46+00:00
41.23693,-74.17332,2023-12-11 11:57:48+00:00
41.23668,-74.17343,2023-12-11 11:57:50+00:00
41.23642,-74.17355,2023-12-11 11:57:51+00:00
41.23617,-74.17367,2023-12-11 11:57:53+00:00
41.23592,-74.1738,2023-12-11 11:57:55+00:00
41.23568,-74.17393,2023-12-11 11:57:57+00:00
41.23542,-74.17408,2023-12-11 11:57:59+00:00
41.23517,-74.17422,2023-12-11 11:58:00+00:00
41.23492,-74.17437,2023-12-11 11:58:02+00:00
41.23468,-74.17453,2023-12-11 11:58:04+00:00
41.23444,-74.17468,2023-12-11 11:58:06+00:00
41.2342,-74.17485,2023-12-11 11:58:08+00:00
41.23397,-74.17501,2023-12-11 11:58:09+00:00
41.23373,-74.17519,2023-12-11 11:58:11+00:00
41.23349,-74.17537,2023-12-11 11:58:13+00:00
41.23327,-74.17555,2023-12-11 11:58:15+00:00
41.23302,-74.17575,2023-12-11 11:58:17+00:00
41.2328,-74.17593,2023-12-11 11:58:18+00:00
41.23258,-74.17612,2023-12-11 11:58:20+00:00
41.23235,-74.17633,2023-12-11 11:58:22+00:00
41.23213,-74.17653,2023-12-11 11:58:24+00:00
41.23191,-74.17674,2023-12-11 11:58:26+00:00
41.2317,-74.17695,2023-12-11 11:58:27+00:00
41.23149,-74.17717,2023-12-11 11:58:29+00:00
41.23127,-74.1774,2023-12-11 11:58:31+00:00
41.23107,-74.17762,2023-12-11 11:58:33+00:00
41.23086,-74.17785,2023-12-11 11:58:35+00:00
41.23065,-74.17808,2023-12-11 11:58:36+00:00
41.23057,-74.17819,2023-12-11 11:58:37+00:00
41.23045,-74.17833,2023-12-11 11:58:38+00:00
41.23026,-74.17857,2023-12-11 11:58:40+00:00
41.23007,-74.17882,2023-12-11 11:58:42+00:00
41.22988,-74.17908,2023-12-11 11:58:44+00:00
41.22872,-74.18068,2023-12-11 11:58:55+00:00
41.22853,-74.18093,2023-12-11 11:58:57+00:00
41.22834,-74.18119,2023-12-11 11:58:58+00:00
41.22812,-74.18146,2023-12-11 11:59:00+00:00
41.22796,-74.18166,2023-12-11 11:59:02+00:00
41.22779,-74.18185,2023-12-11 11:59:03+00:00
41.22754,-74.18214,2023-12-11 11:59:06+00:00
41.22731,-74.18239,2023-12-11 11:59:07+00:00
41.22709,-74.18261,2023-12-11 11:59:09+00:00
41.22686,-74.18282,2023-12-11 11:59:11+00:00
41.22662,-74.18302,2023-12-11 11:59:13+00:00
41.22637,-74.18321,2023-12-11 11:59:15+00:00
41.22613,-74.18338,2023-12-11 11:59:17+00:00
41.22587,-74.18356,2023-12-11 11:59:19+00:00
41.22557,-74.18374,2023-12-11 11:59:21+00:00
41.22531,-74.18388,2023-12-11 11:59:23+00:00
41.22504,-74.18401,2023-12-11 11:59:25+00:00
41.22477,-74.18412,2023-12-11 11:59:27+00:00
41.2245,-74.18422,2023-12-11 11:59:29+00:00
41.22423,-74.18431,2023-12-11 11:59:30+00:00
41.22395,-74.18439,2023-12-11 11:59:32+00:00
41.22367,-74.18446,2023-12-11 11:59:34+00:00
41.22339,-74.1845,2023-12-11 11:59:36+00:00
41.22312,-74.18454,2023-12-11 11:59:38+00:00
41.22284,-74.18457,2023-12-11 11:59:40+00:00
41.22255,-74.18458,2023-12-11 11:59:42+00:00
41.22227,-74.18459,2023-12-11 11:59:44+00:00
41.22199,-74.18458,2023-12-11 11:59:45+00:00
41.22171,-74.18457,2023-12-11 11:59:47+00:00
41.22143,-74.18454,2023-12-11 11:59:49+00:00
41.22115,-74.1845,2023-12-11 11:59:51+00:00
41.22087,-74.18445,2023-12-11 11:59:53+00:00
41.2206,-74.18439,2023-12-11 11:59:55+00:00
41.22032,-74.18432,2023-12-11 11:59:57+00:00
41.22005,-74.18424,2023-12-11 11:59:58+00:00
41.21978,-74.18415,2023-12-11 12:00:00+00:00
41.21951,-74.18405,2023-12-11 12:00:02+00:00
41.21925,-74.18395,2023-12-11 12:00:04+00:00
41.21674,-74.18291,2023-12-11 12:00:22+00:00
41.21647,-74.1828,2023-12-11 12:00:23+00:00
41.21622,-74.18271,2023-12-11 12:00:25+00:00
41.21596,-74.1826,2023-12-11 12:00:27+00:00
41.2157,-74.18251,2023-12-11 12:00:29+00:00
41.21544,-74.18242,2023-12-11 12:00:31+00:00
41.21517,-74.18234,2023-12-11 12:00:32+00:00
41.21491,-74.18226,2023-12-11 12:00:34+00:00
41.21464,-74.18218,2023-12-11 12:00:36+00:00
41.21437,-74.18211,2023-12-11 12:00:38+00:00
41.21411,-74.18204,2023-12-11 12:00:40+00:00
41.21384,-74.18198,2023-12-11 12:00:41+00:00
41.21358,-74.18192,2023-12-11 12:00:43+00:00
41.21331,-74.18187,2023-12-11 12:00:45+00:00
41.21304,-74.18181,2023-12-11 12:00:47+00:00
41.21277,-74.18177,2023-12-11 12:00:49+00:00
41.2125,-74.18173,2023-12-11 12:00:51+00:00
41.21223,-74.18169,2023-12-11 12:00:52+00:00
41.21197,-74.18165,2023-12-11 12:00:54+00:00
41.2117,-74.18163,2023-12-11 12:00:56+00:00
41.21142,-74.18161,2023-12-11 12:00:58+00:00
41.21116,-74.18159,2023-12-11 12:00:59+00:00
41.21088,-74.18158,2023-12-11 12:01:01+00:00
41.21062,-74.18157,2023-12-11 12:01:03+00:00
41.21035,-74.18157,2023-12-11 12:01:05+00:00
41.21008,-74.18158,2023-12-11 12:01:07+00:00
41.2098,-74.18158,2023-12-11 12:01:09+00:00
41.20954,-74.1816,2023-12-11 12:01:10+00:00
41.20926,-74.18162,2023-12-11 12:01:12+00:00
41.20665,-74.18184,2023-12-11 12:01:30+00:00
41.20637,-74.18186,2023-12-11 12:01:31+00:00
41.20609,-74.18188,2023-12-11 12:01:33+00:00
41.20582,-74.1819,2023-12-11 12:01:35+00:00
41.20554,-74.1819,2023-12-11 12:01:37+00:00
41.20526,-74.1819,2023-12-11 12:01:39+00:00
41.20498,-74.18189,2023-12-11 12:01:41+00:00
41.20471,-74.18188,2023-12-11 12:01:43+00:00
41.20443,-74.18186,2023-12-11 12:01:44+00:00
41.20416,-74.18182,2023-12-11 12:01:46+00:00
41.20388,-74.18179,2023-12-11 12:01:48+00:00
41.20355,-74.18173,2023-12-11 12:01:50+00:00
41.20247,-74.18155,2023-12-11 12:01:58+00:00
41.2022,-74.18151,2023-12-11 12:01:59+00:00
41.20193,-74.18147,2023-12-11 12:02:01+00:00
41.20167,-74.18144,2023-12-11 12:02:03+00:00
41.2014,-74.18142,2023-12-11 12:02:05+00:00
41.20114,-74.18141,2023-12-11 12:02:07+00:00
41.20087,-74.1814,2023-12-11 12:02:08+00:00
41.2006,-74.18141,2023-12-11 12:02:10+00:00
41.20033,-74.18142,2023-12-11 12:02:12+00:00
41.20007,-74.18144,2023-12-11 12:02:14+00:00
41.19979,-74.18148,2023-12-11 12:02:16+00:00
41.19953,-74.18151,2023-12-11 12:02:17+00:00
41.19926,-74.18156,2023-12-11 12:02:19+00:00
41.199,-74.18162,2023-12-11 12:02:21+00:00
41.19873,-74.18168,2023-12-11 12:02:23+00:00
41.19786,-74.18188,2023-12-11 12:02:29+00:00
41.19744,-74.18198,2023-12-11 12:02:31+00:00
41.19701,-74.18206,2023-12-11 12:02:34+00:00
41.19663,-74.18212,2023-12-11 12:02:37+00:00
41.19629,-74.18216,2023-12-11 12:02:39+00:00
41.19593,-74.18219,2023-12-11 12:02:42+00:00
41.19559,-74.18221,2023-12-11 12:02:44+00:00
41.19522,-74.18223,2023-12-11 12:02:46+00:00
41.1949,-74.18223,2023-12-11 12:02:48+00:00
41.19453,-74.18222,2023-12-11 12:02:51+00:00
41.19423,-74.18221,2023-12-11 12:02:53+00:00
41.1939,-74.18219,2023-12-11 12:02:55+00:00
41.19362,-74.18217,2023-12-11 12:02:57+00:00
41.19331,-74.18215,2023-12-11 12:02:59+00:00
41.19303,-74.18212,2023-12-11 12:03:01+00:00
41.19272,-74.18209,2023-12-11 12:03:03+00:00
41.1924,-74.18206,2023-12-11 12:03:05+00:00
41.19201,-74.182,2023-12-11 12:03:08+00:00
41.19184,-74.18197,2023-12-11 12:03:09+00:00
41.19129,-74.18189,2023-12-11 12:03:13+00:00
41.18812,-74.18138,2023-12-11 12:03:34+00:00
41.1879,-74.18135,2023-12-11 12:03:35+00:00
41.18769,-74.18132,2023-12-11 12:03:37+00:00
41.18748,-74.18129,2023-12-11 12:03:38+00:00
41.18726,-74.18127,2023-12-11 12:03:40+00:00
41.18704,-74.18126,2023-12-11 12:03:41+00:00
41.18683,-74.18125,2023-12-11 12:03:43+00:00
41.18661,-74.18124,2023-12-11 12:03:44+00:00
41.1864,-74.18124,2023-12-11 12:03:45+00:00
41.18618,-74.18124,2023-12-11 12:03:47+00:00
41.18597,-74.18125,2023-12-11 12:03:48+00:00
41.18576,-74.18126,2023-12-11 12:03:50+00:00
41.18554,-74.18128,2023-12-11 12:03:51+00:00
41.18533,-74.1813,2023-12-11 12:03:53+00:00
41.18511,-74.18133,2023-12-11 12:03:54+00:00
41.1849,-74.18136,2023-12-11 12:03:55+00:00
41.18468,-74.1814,2023-12-11 12:03:57+00:00
41.18448,-74.18144,2023-12-11 12:03:58+00:00
41.18426,-74.18149,2023-12-11 12:04:00+00:00
41.18405,-74.18154,2023-12-11 12:04:01+00:00
41.18384,-74.1816,2023-12-11 12:04:03+00:00
41.18363,-74.18166,2023-12-11 12:04:04+00:00
41.18342,-74.18173,2023-12-11 12:04:05+00:00
41.18322,-74.1818,2023-12-11 12:04:07+00:00
41.18301,-74.18187,2023-12-11 12:04:08+00:00
41.1828,-74.18195,2023-12-11 12:04:10+00:00
41.18259,-74.18204,2023-12-11 12:04:11+00:00
41.18238,-74.18213,2023-12-11 12:04:13+00:00
41.18218,-74.18222,2023-12-11 12:04:14+00:00
41.18083,-74.18283,2023-12-11 12:04:24+00:00
41.17754,-74.18434,2023-12-11 12:04:47+00:00
41.17409,-74.18591,2023-12-11 12:05:11+00:00
41.17388,-74.18601,2023-12-11 12:05:13+00:00
41.17367,-74.1861,2023-12-11 12:05:14+00:00
41.17345,-74.18618,2023-12-11 12:05:16+00:00
41.17324,-74.18627,2023-12-11 12:05:17+00:00
41.17302,-74.18634,2023-12-11 12:05:19+00:00
41.1728,-74.18641,2023-12-11 12:05:20+00:00
41.17258,-74.18646,2023-12-11 12:05:22+00:00
41.17236,-74.18651,2023-12-11 12:05:23+00:00
41.17213,-74.18655,2023-12-11 12:05:25+00:00
41.1719,-74.18659,2023-12-11 12:05:26+00:00
41.17168,-74.18661,2023-12-11 12:05:28+00:00
41.17146,-74.18663,2023-12-11 12:05:29+00:00
41.17123,-74.18664,2023-12-11 12:05:31+00:00
41.171,-74.18663,2023-12-11 12:05:32+00:00
41.17077,-74.18662,2023-12-11 12:05:34+00:00
41.17055,-74.1866,2023-12-11 12:05:35+00:00
41.17033,-74.18657,2023-12-11 12:05:37+00:00
41.1701,-74.18654,2023-12-11 12:05:38+00:00
41.16988,-74.1865,2023-12-11 12:05:40+00:00
41.16966,-74.18645,2023-12-11 12:05:41+00:00
41.16944,-74.18639,2023-12-11 12:05:43+00:00
41.16922,-74.18631,2023-12-11 12:05:44+00:00
41.16901,-74.18624,2023-12-11 12:05:46+00:00
41.16878,-74.18616,2023-12-11 12:05:47+00:00
41.16857,-74.18607,2023-12-11 12:05:49+00:00
41.16599,-74.18496,2023-12-11 12:06:07+00:00
41.16574,-74.18486,2023-12-11 12:06:09+00:00
41.16547,-74.18476,2023-12-11 12:06:10+00:00
41.16517,-74.18467,2023-12-11 12:06:13+00:00
41.16485,-74.18458,2023-12-11 12:06:15+00:00
41.16453,-74.18452,2023-12-11 12:06:17+00:00
41.16427,-74.18448,2023-12-11 12:06:19+00:00
41.16402,-74.18445,2023-12-11 12:06:20+00:00
41.16383,-74.18443,2023-12-11 12:06:22+00:00
41.16361,-74.18442,2023-12-11 12:06:23+00:00
41.16345,-74.18442,2023-12-11 12:06:24+00:00
41.16327,-74.18443,2023-12-11 12:06:25+00:00
41.16311,-74.18444,2023-12-11 12:06:26+00:00
41.163,-74.18446,2023-12-11 12:06:27+00:00
41.16273,-74.18449,2023-12-11 12:06:29+00:00
41.16247,-74.18454,2023-12-11 12:06:31+00:00
41.16217,-74.18461,2023-12-11 12:06:33+00:00
41.16188,-74.18469,2023-12-11 12:06:35+00:00
41.16157,-74.18479,2023-12-11 12:06:37+00:00
41.16127,-74.1849,2023-12-11 12:06:39+00:00
41.16097,-74.18504,2023-12-11 12:06:41+00:00
41.16088,-74.18508,2023-12-11 12:06:42+00:00
41.16067,-74.18518,2023-12-11 12:06:43+00:00
41.16038,-74.18534,2023-12-11 12:06:45+00:00
41.1601,-74.18552,2023-12-11 12:06:47+00:00
41.15983,-74.18571,2023-12-11 12:06:49+00:00
41.15955,-74.18593,2023-12-11 12:06:51+00:00
41.15928,-74.18614,2023-12-11 12:06:54+00:00
41.15805,-74.18711,2023-12-11 12:07:03+00:00
41.15785,-74.18727,2023-12-11 12:07:05+00:00
41.15766,-74.18742,2023-12-11 12:07:06+00:00
41.15746,-74.18756,2023-12-11 12:07:08+00:00
41.15727,-74.1877,2023-12-11 12:07:09+00:00
41.15707,-74.18783,2023-12-11 12:07:11+00:00
41.15687,-74.18796,2023-12-11 12:07:12+00:00
41.15687,-74.18796,2023-12-11 12:07:12+00:00
41.15669,-74.18806,2023-12-11 12:07:13+00:00
41.15649,-74.18818,2023-12-11 12:07:15+00:00
41.15628,-74.18829,2023-12-11 12:07:16+00:00
41.15608,-74.18839,2023-12-11 12:07:18+00:00
41.15586,-74.18849,2023-12-11 12:07:19+00:00
41.15566,-74.18858,2023-12-11 12:07:21+00:00
41.15544,-74.18867,2023-12-11 12:07:22+00:00
41.15523,-74.18875,2023-12-11 12:07:24+00:00
41.15502,-74.18882,2023-12-11 12:07:25+00:00
41.15481,-74.18889,2023-12-11 12:07:27+00:00
41.1546,-74.18896,2023-12-11 12:07:28+00:00
41.15439,-74.18901,2023-12-11 12:07:30+00:00
41.15416,-74.18907,2023-12-11 12:07:31+00:00
41.15393,-74.18912,2023-12-11 12:07:33+00:00
41.15372,-74.18916,2023-12-11 12:07:34+00:00
41.1535,-74.1892,2023-12-11 12:07:36+00:00
41.15329,-74.18923,2023-12-11 12:07:37+00:00
41.15307,-74.18925,2023-12-11 12:07:38+00:00
41.15285,-74.18927,2023-12-11 12:07:40+00:00
41.15262,-74.18928,2023-12-11 12:07:41+00:00
41.15241,-74.18929,2023-12-11 12:07:43+00:00
41.15227,-74.18929,2023-12-11 12:07:44+00:00
41.15196,-74.18929,2023-12-11 12:07:46+00:00
41.15174,-74.18927,2023-12-11 12:07:47+00:00
41.15152,-74.18926,2023-12-11 12:07:49+00:00
41.1513,-74.18923,2023-12-11 12:07:50+00:00
41.15108,-74.18921,2023-12-11 12:07:52+00:00
41.15086,-74.18917,2023-12-11 12:07:53+00:00
41.15064,-74.18913,2023-12-11 12:07:55+00:00
41.15043,-74.18909,2023-12-11 12:07:56+00:00
41.15021,-74.18903,2023-12-11 12:07:58+00:00
41.15,-74.18898,2023-12-11 12:07:59+00:00
41.14978,-74.18892,2023-12-11 12:08:00+00:00
41.14956,-74.18885,2023-12-11 12:08:02+00:00
41.14935,-74.18877,2023-12-11 12:08:03+00:00
41.14914,-74.18869,2023-12-11 12:08:05+00:00
41.14893,-74.18861,2023-12-11 12:08:06+00:00
41.14873,-74.18852,2023-12-11 12:08:08+00:00
41.14851,-74.18842,2023-12-11 12:08:09+00:00
41.14831,-74.18832,2023-12-11 12:08:11+00:00
41.14811,-74.18821,2023-12-11 12:08:12+00:00
41.1479,-74.1881,2023-12-11 12:08:14+00:00
41.14771,-74.18799,2023-12-11 12:08:15+00:00
41.1475,-74.18786,2023-12-11 12:08:17+00:00
41.14731,-74.18774,2023-12-11 12:08:18+00:00
41.14712,-74.18761,2023-12-11 12:08:19+00:00
41.14692,-74.18746,2023-12-11 12:08:21+00:00
41.14672,-74.18731,2023-12-11 12:08:23+00:00
41.14654,-74.18716,2023-12-11 12:08:24+00:00
41.14635,-74.187,2023-12-11 12:08:25+00:00
41.14618,-74.18684,2023-12-11 12:08:27+00:00
41.146,-74.18667,2023-12-11 12:08:28+00:00
41.14581,-74.18648,2023-12-11 12:08:30+00:00
41.14564,-74.18629,2023-12-11 12:08:31+00:00
41.14547,-74.1861,2023-12-11 12:08:33+00:00
41.14531,-74.1859,2023-12-11 12:08:34+00:00
41.14515,-74.18569,2023-12-11 12:08:36+00:00
41.14499,-74.18548,2023-12-11 12:08:37+00:00
41.14499,-74.18548,2023-12-11 12:08:37+00:00
41.14484,-74.18527,2023-12-11 12:08:39+00:00
41.1447,-74.18505,2023-12-11 12:08:40+00:00
41.14456,-74.18482,2023-12-11 12:08:42+00:00
41.14442,-74.18458,2023-12-11 12:08:43+00:00
41.1443,-74.18436,2023-12-11 12:08:45+00:00
41.14417,-74.18412,2023-12-11 12:08:46+00:00
41.14405,-74.18387,2023-12-11 12:08:48+00:00
41.14394,-74.18363,2023-12-11 12:08:49+00:00
41.14383,-74.18337,2023-12-11 12:08:50+00:00
41.14373,-74.18312,2023-12-11 12:08:52+00:00
41.14363,-74.18286,2023-12-11 12:08:53+00:00
41.14354,-74.18259,2023-12-11 12:08:55+00:00
41.14345,-74.18232,2023-12-11 12:08:56+00:00
41.14337,-74.18206,2023-12-11 12:08:58+00:00
41.14329,-74.18178,2023-12-11 12:08:59+00:00
41.14323,-74.18152,2023-12-11 12:09:01+00:00
41.14316,-74.18122,2023-12-11 12:09:02+00:00
41.1431,-74.18094,2023-12-11 12:09:04+00:00
41.14305,-74.18066,2023-12-11 12:09:05+00:00
41.143,-74.18038,2023-12-11 12:09:07+00:00
41.14296,-74.1801,2023-12-11 12:09:08+00:00
41.14292,-74.17981,2023-12-11 12:09:09+00:00
41.14259,-74.1772,2023-12-11 12:09:23+00:00
41.14255,-74.17691,2023-12-11 12:09:24+00:00
41.14252,-74.17662,2023-12-11 12:09:26+00:00
41.14247,-74.17634,2023-12-11 12:09:27+00:00
41.14242,-74.17606,2023-12-11 12:09:29+00:00
41.14236,-74.17578,2023-12-11 12:09:30+00:00
41.1423,-74.17549,2023-12-11 12:09:32+00:00
41.14223,-74.17522,2023-12-11 12:09:33+00:00
41.14216,-74.17495,2023-12-11 12:09:34+00:00
41.14208,-74.17468,2023-12-11 12:09:36+00:00
41.14199,-74.17442,2023-12-11 12:09:37+00:00
41.1419,-74.17415,2023-12-11 12:09:39+00:00
41.1418,-74.1739,2023-12-11 12:09:40+00:00
41.1417,-74.17364,2023-12-11 12:09:42+00:00
41.14159,-74.17339,2023-12-11 12:09:43+00:00
41.14148,-74.17315,2023-12-11 12:09:45+00:00
41.14136,-74.17291,2023-12-11 12:09:46+00:00
41.14124,-74.17267,2023-12-11 12:09:47+00:00
41.14111,-74.17243,2023-12-11 12:09:49+00:00
41.14098,-74.17221,2023-12-11 12:09:50+00:00
41.14084,-74.17199,2023-12-11 12:09:52+00:00
41.14075,-74.17185,2023-12-11 12:09:53+00:00
41.14065,-74.17172,2023-12-11 12:09:54+00:00
41.14052,-74.17154,2023-12-11 12:09:55+00:00
41.14039,-74.17137,2023-12-11 12:09:56+00:00
41.14024,-74.17117,2023-12-11 12:09:58+00:00
41.14009,-74.17098,2023-12-11 12:09:59+00:00
41.13992,-74.17079,2023-12-11 12:10:00+00:00
41.13975,-74.1706,2023-12-11 12:10:02+00:00
41.13964,-74.17049,2023-12-11 12:10:03+00:00
41.13964,-74.17049,2023-12-11 12:10:03+00:00
41.13964,-74.17049,2023-12-11 12:10:03+00:00
41.13957,-74.17041,2023-12-11 12:10:03+00:00
41.13939,-74.17024,2023-12-11 12:10:05+00:00
41.13923,-74.17008,2023-12-11 12:10:06+00:00
41.13907,-74.16995,2023-12-11 12:10:08+00:00
41.13887,-74.16979,2023-12-11 12:10:09+00:00
41.13868,-74.16964,2023-12-11 12:10:11+00:00
41.13849,-74.16951,2023-12-11 12:10:12+00:00
41.1383,-74.16938,2023-12-11 12:10:13+00:00
41.1381,-74.16926,2023-12-11 12:10:15+00:00
41.1379,-74.16914,2023-12-11 12:10:16+00:00
41.13768,-74.16904,2023-12-11 12:10:18+00:00
41.13746,-74.16894,2023-12-11 12:10:19+00:00
41.13725,-74.16885,2023-12-11 12:10:21+00:00
41.13704,-74.16877,2023-12-11 12:10:22+00:00
41.13684,-74.1687,2023-12-11 12:10:24+00:00
41.13663,-74.16863,2023-12-11 12:10:25+00:00
41.13641,-74.16857,2023-12-11 12:10:27+00:00
41.13619,-74.16851,2023-12-11 12:10:28+00:00
41.13598,-74.16847,2023-12-11 12:10:30+00:00
41.13575,-74.16844,2023-12-11 12:10:31+00:00
41.13554,-74.16841,2023-12-11 12:10:33+00:00
41.13532,-74.16839,2023-12-11 12:10:34+00:00
41.1351,-74.16838,2023-12-11 12:10:35+00:00
41.13389,-74.16833,2023-12-11 12:10:44+00:00
41.13354,-74.16831,2023-12-11 12:10:46+00:00
41.13354,-74.16831,2023-12-11 12:10:46+00:00
41.13316,-74.16828,2023-12-11 12:10:48+00:00
41.13281,-74.16825,2023-12-11 12:10:51+00:00
41.13249,-74.16821,2023-12-11 12:10:53+00:00
41.13215,-74.16816,2023-12-11 12:10:55+00:00
41.13183,-74.16811,2023-12-11 12:10:57+00:00
41.1315,-74.16806,2023-12-11 12:11:00+00:00
41.13117,-74.168,2023-12-11 12:11:02+00:00
41.13085,-74.16793,2023-12-11 12:11:04+00:00
41.13051,-74.16785,2023-12-11 12:11:06+00:00
41.13018,-74.16777,2023-12-11 12:11:09+00:00
41.12984,-74.16768,2023-12-11 12:11:11+00:00
41.12952,-74.16758,2023-12-11 12:11:13+00:00
41.1292,-74.16746,2023-12-11 12:11:15+00:00
41.12888,-74.16734,2023-12-11 12:11:17+00:00
41.12859,-74.16722,2023-12-11 12:11:19+00:00
41.12692,-74.16657,2023-12-11 12:11:31+00:00
41.12661,-74.16644,2023-12-11 12:11:33+00:00
41.1263,-74.16631,2023-12-11 12:11:35+00:00
41.12599,-74.16617,2023-12-11 12:11:38+00:00
41.12568,-74.16602,2023-12-11 12:11:40+00:00
41.12537,-74.16586,2023-12-11 12:11:42+00:00
41.12537,-74.16586,2023-12-11 12:11:42+00:00
41.12512,-74.16577,2023-12-11 12:11:44+00:00
41.12487,-74.16566,2023-12-11 12:11:46+00:00
41.12464,-74.16556,2023-12-11 12:11:47+00:00
41.12443,-74.16545,2023-12-11 12:11:49+00:00
41.12413,-74.16527,2023-12-11 12:11:51+00:00
41.12384,-74.16509,2023-12-11 12:11:53+00:00
41.12349,-74.16486,2023-12-11 12:11:56+00:00
41.12315,-74.16463,2023-12-11 12:11:58+00:00
41.12286,-74.16444,2023-12-11 12:12:00+00:00
41.12256,-74.16425,2023-12-11 12:12:02+00:00
41.12226,-74.16407,2023-12-11 12:12:05+00:00
41.12195,-74.16389,2023-12-11 12:12:07+00:00
41.12165,-74.16371,2023-12-11 12:12:09+00:00
41.12134,-74.16354,2023-12-11 12:12:11+00:00
41.12104,-74.16338,2023-12-11 12:12:14+00:00
41.12073,-74.16322,2023-12-11 12:12:16+00:00
41.12042,-74.16307,2023-12-11 12:12:18+00:00
41.12011,-74.16292,2023-12-11 12:12:20+00:00
41.11891,-74.16236,2023-12-11 12:12:29+00:00
41.11803,-74.16194,2023-12-11 12:12:35+00:00
41.11786,-74.16187,2023-12-11 12:12:36+00:00
41.11771,-74.1618,2023-12-11 12:12:37+00:00
41.11756,-74.16174,2023-12-11 12:12:38+00:00
41.1174,-74.16168,2023-12-11 12:12:39+00:00
41.11724,-74.16163,2023-12-11 12:12:40+00:00
41.11708,-74.16159,2023-12-11 12:12:41+00:00
41.11691,-74.16155,2023-12-11 12:12:43+00:00
41.11674,-74.16151,2023-12-11 12:12:44+00:00
41.11653,-74.16148,2023-12-11 12:12:45+00:00
41.11631,-74.16146,2023-12-11 12:12:47+00:00
41.11609,-74.16145,2023-12-11 12:12:48+00:00
41.11587,-74.16146,2023-12-11 12:12:50+00:00
41.11565,-74.16147,2023-12-11 12:12:51+00:00
41.11543,-74.16149,2023-12-11 12:12:53+00:00
41.11521,-74.16153,2023-12-11 12:12:54+00:00
41.11499,-74.16157,2023-12-11 12:12:56+00:00
41.11478,-74.16163,2023-12-11 12:12:57+00:00
41.11457,-74.1617,2023-12-11 12:12:58+00:00
41.11436,-74.16177,2023-12-11 12:13:00+00:00
41.11416,-74.16186,2023-12-11 12:13:01+00:00
41.11393,-74.16198,2023-12-11 12:13:03+00:00
41.1137,-74.16212,2023-12-11 12:13:05+00:00
41.1135,-74.16225,2023-12-11 12:13:06+00:00
41.11328,-74.1624,2023-12-11 12:13:08+00:00
41.11308,-74.16254,2023-12-11 12:13:09+00:00
41.11289,-74.16269,2023-12-11 12:13:11+00:00
41.11239,-74.16308,2023-12-11 12:13:15+00:00
41.11239,-74.16308,2023-12-11 12:13:15+00:00
41.11239,-74.16308,2023-12-11 12:13:15+00:00
41.11194,-74.16343,2023-12-11 12:13:18+00:00
41.11175,-74.16358,2023-12-11 12:13:20+00:00
41.11154,-74.16373,2023-12-11 12:13:21+00:00
41.11134,-74.16387,2023-12-11 12:13:23+00:00
41.11115,-74.16399,2023-12-11 12:13:24+00:00
41.11095,-74.16411,2023-12-11 12:13:25+00:00
41.11074,-74.16422,2023-12-11 12:13:27+00:00
41.11054,-74.16432,2023-12-11 12:13:28+00:00
41.11034,-74.16442,2023-12-11 12:13:30+00:00
41.11009,-74.16454,2023-12-11 12:13:32+00:00
41.10936,-74.16491,2023-12-11 12:13:37+00:00
41.10914,-74.16501,2023-12-11 12:13:38+00:00
41.10894,-74.16512,2023-12-11 12:13:40+00:00
41.10873,-74.16524,2023-12-11 12:13:41+00:00
41.10852,-74.16535,2023-12-11 12:13:43+00:00
41.10833,-74.16548,2023-12-11 12:13:44+00:00
41.10812,-74.16563,2023-12-11 12:13:46+00:00
41.10793,-74.16578,2023-12-11 12:13:47+00:00
41.10774,-74.16593,2023-12-11 12:13:49+00:00
41.10679,-74.16673,2023-12-11 12:13:56+00:00
41.10679,-74.16673,2023-12-11 12:13:56+00:00
41.10661,-74.16686,2023-12-11 12:13:58+00:00
41.10645,-74.16698,2023-12-11 12:13:59+00:00
41.10626,-74.16711,2023-12-11 12:14:00+00:00
41.10607,-74.16723,2023-12-11 12:14:02+00:00
41.10593,-74.16732,2023-12-11 12:14:03+00:00
41.10578,-74.1674,2023-12-11 12:14:04+00:00
41.10561,-74.16748,2023-12-11 12:14:05+00:00
41.10545,-74.16754,2023-12-11 12:14:06+00:00
41.10529,-74.1676,2023-12-11 12:14:07+00:00
41.10513,-74.16765,2023-12-11 12:14:08+00:00
41.10493,-74.1677,2023-12-11 12:14:10+00:00
41.10474,-74.16774,2023-12-11 12:14:11+00:00
41.10455,-74.16775,2023-12-11 12:14:12+00:00
41.10435,-74.16776,2023-12-11 12:14:14+00:00
41.10415,-74.16776,2023-12-11 12:14:15+00:00
41.10397,-74.16775,2023-12-11 12:14:16+00:00
41.10378,-74.16772,2023-12-11 12:14:17+00:00
41.10362,-74.16769,2023-12-11 12:14:19+00:00
41.10345,-74.16765,2023-12-11 12:14:20+00:00
41.10326,-74.1676,2023-12-11 12:14:21+00:00
41.1031,-74.16755,2023-12-11 12:14:22+00:00
41.10292,-74.16747,2023-12-11 12:14:23+00:00
41.10274,-74.16739,2023-12-11 12:14:25+00:00
41.10258,-74.16731,2023-12-11 12:14:26+00:00
41.10245,-74.16723,2023-12-11 12:14:27+00:00
41.1024,-74.1672,2023-12-11 12:14:27+00:00
41.10222,-74.16708,2023-12-11 12:14:28+00:00
41.10205,-74.16696,2023-12-11 12:14:30+00:00
41.10189,-74.16682,2023-12-11 12:14:31+00:00
41.10173,-74.16667,2023-12-11 12:14:32+00:00
41.10173,-74.16667,2023-12-11 12:14:32+00:00
41.10159,-74.16652,2023-12-11 12:14:33+00:00
41.10145,-74.16636,2023-12-11 12:14:35+00:00
41.10133,-74.1662,2023-12-11 12:14:36+00:00
41.10122,-74.16605,2023-12-11 12:14:37+00:00
41.1011,-74.16588,2023-12-11 12:14:38+00:00
41.101,-74.1657,2023-12-11 12:14:39+00:00
41.1009,-74.16552,2023-12-11 12:14:40+00:00
41.10077,-74.16527,2023-12-11 12:14:42+00:00
41.10073,-74.16521,2023-12-11 12:14:42+00:00
41.10049,-74.16475,2023-12-11 12:14:45+00:00
41.09984,-74.16352,2023-12-11 12:14:53+00:00
41.0996,-74.16307,2023-12-11 12:14:55+00:00
41.09958,-74.16303,2023-12-11 12:14:56+00:00
41.0994,-74.16269,2023-12-11 12:14:58+00:00
41.0993,-74.16251,2023-12-11 12:14:59+00:00
41.0991,-74.16211,2023-12-11 12:15:01+00:00
41.09899,-74.16189,2023-12-11 12:15:03+00:00
41.09899,-74.16189,2023-12-11 12:15:03+00:00
41.09872,-74.1614,2023-12-11 12:15:06+00:00
41.09826,-74.16055,2023-12-11 12:15:11+00:00
41.09822,-74.16048,2023-12-11 12:15:11+00:00
41.09818,-74.16041,2023-12-11 12:15:12+00:00
41.09793,-74.15992,2023-12-11 12:15:15+00:00
41.09771,-74.15953,2023-12-11 12:15:17+00:00
41.09755,-74.15922,2023-12-11 12:15:19+00:00
41.09739,-74.15897,2023-12-11 12:15:21+00:00
41.09732,-74.15886,2023-12-11 12:15:21+00:00
41.09718,-74.15864,2023-12-11 12:15:23+00:00
41.09704,-74.15845,2023-12-11 12:15:24+00:00
41.09688,-74.15823,2023-12-11 12:15:26+00:00
41.09684,-74.15817,2023-12-11 12:15:26+00:00
41.09673,-74.15803,2023-12-11 12:15:27+00:00
41.09657,-74.15784,2023-12-11 12:15:29+00:00
41.09641,-74.15766,2023-12-11 12:15:30+00:00
41.09623,-74.15746,2023-12-11 12:15:32+00:00
41.09608,-74.1573,2023-12-11 12:15:33+00:00
41.0959,-74.15713,2023-12-11 12:15:34+00:00
41.09573,-74.15697,2023-12-11 12:15:36+00:00
41.09554,-74.15681,2023-12-11 12:15:37+00:00
41.0953,-74.15662,2023-12-11 12:15:39+00:00
41.0953,-74.15662,2023-12-11 12:15:39+00:00
41.09508,-74.15645,2023-12-11 12:15:41+00:00
41.09488,-74.15632,2023-12-11 12:15:42+00:00
41.09469,-74.15619,2023-12-11 12:15:44+00:00
41.09449,-74.15607,2023-12-11 12:15:45+00:00
41.0943,-74.15596,2023-12-11 12:15:47+00:00
41.09407,-74.15584,2023-12-11 12:15:48+00:00
41.09355,-74.15557,2023-12-11 12:15:52+00:00
41.09308,-74.15533,2023-12-11 12:15:55+00:00
41.09297,-74.15527,2023-12-11 12:15:56+00:00
41.09277,-74.15517,2023-12-11 12:15:58+00:00
41.0921,-74.15483,2023-12-11 12:16:02+00:00
41.09166,-74.1546,2023-12-11 12:16:05+00:00
41.09147,-74.1545,2023-12-11 12:16:07+00:00
41.0913,-74.15442,2023-12-11 12:16:08+00:00
41.09114,-74.15434,2023-12-11 12:16:09+00:00
41.09088,-74.15421,2023-12-11 12:16:11+00:00
41.0905,-74.15403,2023-12-11 12:16:14+00:00
41.09019,-74.15389,2023-12-11 12:16:16+00:00
41.0898,-74.15372,2023-12-11 12:16:19+00:00
41.08917,-74.15347,2023-12-11 12:16:23+00:00
41.08829,-74.15313,2023-12-11 12:16:29+00:00
41.08766,-74.15289,2023-12-11 12:16:34+00:00
41.08539,-74.15202,2023-12-11 12:16:49+00:00
41.08448,-74.15167,2023-12-11 12:16:56+00:00
41.08401,-74.15149,2023-12-11 12:16:59+00:00
41.08346,-74.15128,2023-12-11 12:17:03+00:00
41.08264,-74.15097,2023-12-11 12:17:08+00:00
41.08234,-74.15087,2023-12-11 12:17:10+00:00
41.08234,-74.15087,2023-12-11 12:17:10+00:00
41.08079,-74.15027,2023-12-11 12:17:21+00:00
41.08058,-74.15019,2023-12-11 12:17:23+00:00
41.08037,-74.1501,2023-12-11 12:17:24+00:00
41.08017,-74.15001,2023-12-11 12:17:26+00:00
41.07997,-74.14991,2023-12-11 12:17:27+00:00
41.07976,-74.1498,2023-12-11 12:17:28+00:00
41.07957,-74.1497,2023-12-11 12:17:30+00:00
41.07937,-74.14958,2023-12-11 12:17:31+00:00
41.07917,-74.14946,2023-12-11 12:17:33+00:00
41.07898,-74.14934,2023-12-11 12:17:34+00:00
41.07878,-74.14921,2023-12-11 12:17:36+00:00
41.0786,-74.14907,2023-12-11 12:17:37+00:00
41.0784,-74.14893,2023-12-11 12:17:39+00:00
41.07821,-74.14878,2023-12-11 12:17:40+00:00
41.07803,-74.14863,2023-12-11 12:17:41+00:00
41.07785,-74.14847,2023-12-11 12:17:43+00:00
41.07767,-74.14831,2023-12-11 12:17:44+00:00
41.07749,-74.14814,2023-12-11 12:17:46+00:00
41.07749,-74.14814,2023-12-11 12:17:46+00:00
41.07729,-74.14793,2023-12-11 12:17:48+00:00
41.07703,-74.14766,2023-12-11 12:17:50+00:00
41.07678,-74.14737,2023-12-11 12:17:52+00:00
41.07654,-74.14709,2023-12-11 12:17:54+00:00
41.07631,-74.14681,2023-12-11 12:17:56+00:00
41.07611,-74.14652,2023-12-11 12:17:58+00:00
41.07548,-74.14563,2023-12-11 12:18:04+00:00
41.07531,-74.14538,2023-12-11 12:18:06+00:00
41.0744,-74.14404,2023-12-11 12:18:15+00:00
41.0744,-74.14404,2023-12-11 12:18:15+00:00
41.07296,-74.14194,2023-12-11 12:18:29+00:00
41.07289,-74.14183,2023-12-11 12:18:30+00:00
41.07254,-74.14131,2023-12-11 12:18:34+00:00
41.07222,-74.14085,2023-12-11 12:18:37+00:00
41.0719,-74.14038,2023-12-11 12:18:40+00:00
41.07168,-74.14006,2023-12-11 12:18:42+00:00
41.07112,-74.13924,2023-12-11 12:18:48+00:00
41.071,-74.13907,2023-12-11 12:18:49+00:00
41.07075,-74.1387,2023-12-11 12:18:51+00:00
41.07075,-74.1387,2023-12-11 12:18:51+00:00
41.06997,-74.13755,2023-12-11 12:18:59+00:00
41.06968,-74.13713,2023-12-11 12:19:02+00:00
41.06938,-74.13668,2023-12-11 12:19:05+00:00
41.06924,-74.13648,2023-12-11 12:19:06+00:00
41.06924,-74.13648,2023-12-11 12:19:06+00:00
41.06874,-74.13576,2023-12-11 12:19:11+00:00
41.06853,-74.13545,2023-12-11 12:19:13+00:00
41.0683,-74.13515,2023-12-11 12:19:16+00:00
41.06801,-74.13476,2023-12-11 12:19:18+00:00
41.06769,-74.13435,2023-12-11 12:19:21+00:00
41.0673,-74.13385,2023-12-11 12:19:25+00:00
41.06716,-74.13367,2023-12-11 12:19:26+00:00
41.06686,-74.13329,2023-12-11 12:19:29+00:00
41.06676,-74.13316,2023-12-11 12:19:30+00:00
41.06652,-74.13286,2023-12-11 12:19:32+00:00
41.06629,-74.13255,2023-12-11 12:19:34+00:00
41.06628,-74.13254,2023-12-11 12:19:34+00:00
41.06606,-74.13223,2023-12-11 12:19:36+00:00
41.0659,-74.13198,2023-12-11 12:19:38+00:00
41.06585,-74.1319,2023-12-11 12:19:39+00:00
41.06564,-74.13156,2023-12-11 12:19:41+00:00
41.06542,-74.13117,2023-12-11 12:19:43+00:00
41.06529,-74.13091,2023-12-11 12:19:45+00:00
41.06524,-74.13082,2023-12-11 12:19:45+00:00
41.06515,-74.13064,2023-12-11 12:19:47+00:00
41.06506,-74.13045,2023-12-11 12:19:48+00:00
41.06489,-74.13007,2023-12-11 12:19:50+00:00
41.06487,-74.13002,2023-12-11 12:19:50+00:00
41.06477,-74.12979,2023-12-11 12:19:51+00:00
41.06467,-74.12955,2023-12-11 12:19:53+00:00
41.06442,-74.12897,2023-12-11 12:19:56+00:00
41.06414,-74.1283,2023-12-11 12:20:00+00:00
41.06396,-74.12789,2023-12-11 12:20:02+00:00
41.06394,-74.12783,2023-12-11 12:20:03+00:00
41.06391,-74.12776,2023-12-11 12:20:03+00:00
41.0638,-74.12753,2023-12-11 12:20:05+00:00
41.06377,-74.12746,2023-12-11 12:20:05+00:00
41.0636,-74.1271,2023-12-11 12:20:07+00:00
41.06358,-74.12705,2023-12-11 12:20:07+00:00
41.06349,-74.12689,2023-12-11 12:20:08+00:00
41.06342,-74.12675,2023-12-11 12:20:09+00:00
41.06329,-74.12652,2023-12-11 12:20:11+00:00
41.06324,-74.12641,2023-12-11 12:20:11+00:00
41.06321,-74.12637,2023-12-11 12:20:12+00:00
41.06303,-74.12606,2023-12-11 12:20:14+00:00
41.06295,-74.12595,2023-12-11 12:20:14+00:00
41.0628,-74.12571,2023-12-11 12:20:16+00:00
41.06274,-74.12562,2023-12-11 12:20:17+00:00
41.06262,-74.12546,2023-12-11 12:20:18+00:00
41.06237,-74.12514,2023-12-11 12:20:20+00:00
41.06211,-74.12475,2023-12-11 12:20:23+00:00
41.06196,-74.12457,2023-12-11 12:20:24+00:00
41.06176,-74.12434,2023-12-11 12:20:26+00:00
41.06176,-74.12434,2023-12-11 12:20:26+00:00
41.06163,-74.12419,2023-12-11 12:20:27+00:00
41.06147,-74.12402,2023-12-11 12:20:28+00:00
41.0613,-74.12384,2023-12-11 12:20:30+00:00
41.06112,-74.12366,2023-12-11 12:20:31+00:00
41.06095,-74.1235,2023-12-11 12:20:33+00:00
41.06077,-74.12334,2023-12-11 12:20:34+00:00
41.06059,-74.12318,2023-12-11 12:20:35+00:00
41.06036,-74.12299,2023-12-11 12:20:37+00:00
41.06012,-74.1228,2023-12-11 12:20:39+00:00
41.05994,-74.12267,2023-12-11 12:20:41+00:00
41.05975,-74.12253,2023-12-11 12:20:42+00:00
41.05975,-74.12253,2023-12-11 12:20:42+00:00
41.05956,-74.1224,2023-12-11 12:20:43+00:00
41.05937,-74.12228,2023-12-11 12:20:45+00:00
41.05917,-74.12216,2023-12-11 12:20:46+00:00
41.05897,-74.12205,2023-12-11 12:20:48+00:00
41.05878,-74.12194,2023-12-11 12:20:49+00:00
41.05858,-74.12183,2023-12-11 12:20:51+00:00
41.05837,-74.12174,2023-12-11 12:20:52+00:00
41.05827,-74.12169,2023-12-11 12:20:53+00:00
41.05803,-74.12161,2023-12-11 12:20:54+00:00
41.058,-74.12159,2023-12-11 12:20:55+00:00
41.05741,-74.12134,2023-12-11 12:20:59+00:00
41.05716,-74.12124,2023-12-11 12:21:00+00:00
41.05703,-74.12118,2023-12-11 12:21:01+00:00
41.05653,-74.12097,2023-12-11 12:21:05+00:00
41.05627,-74.12084,2023-12-11 12:21:07+00:00
41.05576,-74.12062,2023-12-11 12:21:10+00:00
41.05568,-74.12058,2023-12-11 12:21:11+00:00
41.05553,-74.12052,2023-12-11 12:21:12+00:00
41.05514,-74.12035,2023-12-11 12:21:15+00:00
41.0547,-74.12016,2023-12-11 12:21:18+00:00
41.05399,-74.11986,2023-12-11 12:21:23+00:00
41.05389,-74.11982,2023-12-11 12:21:23+00:00
41.05354,-74.11967,2023-12-11 12:21:26+00:00
41.05327,-74.11955,2023-12-11 12:21:28+00:00
41.05272,-74.11932,2023-12-11 12:21:32+00:00
41.05266,-74.11929,2023-12-11 12:21:32+00:00
41.0524,-74.11916,2023-12-11 12:21:34+00:00
41.05211,-74.11904,2023-12-11 12:21:36+00:00
41.05196,-74.11898,2023-12-11 12:21:37+00:00
41.05181,-74.11891,2023-12-11 12:21:38+00:00
41.05128,-74.11869,2023-12-11 12:21:42+00:00
41.05073,-74.11846,2023-12-11 12:21:46+00:00
41.05053,-74.11837,2023-12-11 12:21:47+00:00
41.05013,-74.1182,2023-12-11 12:21:50+00:00
41.04998,-74.11814,2023-12-11 12:21:51+00:00
41.04966,-74.118,2023-12-11 12:21:53+00:00
41.04943,-74.1179,2023-12-11 12:21:55+00:00
41.04928,-74.11784,2023-12-11 12:21:56+00:00
41.04887,-74.11766,2023-12-11 12:21:59+00:00
41.04865,-74.11757,2023-12-11 12:22:00+00:00
41.04796,-74.11727,2023-12-11 12:22:05+00:00
41.0472,-74.11695,2023-12-11 12:22:10+00:00
41.04668,-74.11673,2023-12-11 12:22:14+00:00
41.04592,-74.11641,2023-12-11 12:22:19+00:00
41.04532,-74.11615,2023-12-11 12:22:24+00:00
41.04494,-74.11599,2023-12-11 12:22:26+00:00
41.04467,-74.11587,2023-12-11 12:22:28+00:00
41.04445,-74.11578,2023-12-11 12:22:30+00:00
41.04445,-74.11578,2023-12-11 12:22:30+00:00
41.04402,-74.11558,2023-12-11 12:22:33+00:00
41.04382,-74.1155,2023-12-11 12:22:34+00:00
41.04357,-74.11541,2023-12-11 12:22:36+00:00
41.04298,-74.11515,2023-12-11 12:22:40+00:00
41.04232,-74.11486,2023-12-11 12:22:45+00:00
41.04188,-74.11467,2023-12-11 12:22:48+00:00
41.0411,-74.11434,2023-12-11 12:22:53+00:00
41.03925,-74.11355,2023-12-11 12:23:06+00:00
41.03892,-74.11342,2023-12-11 12:23:08+00:00
41.03779,-74.11293,2023-12-11 12:23:16+00:00
41.03749,-74.1128,2023-12-11 12:23:18+00:00
41.0372,-74.11269,2023-12-11 12:23:20+00:00
41.0371,-74.11265,2023-12-11 12:23:21+00:00
41.03687,-74.11256,2023-12-11 12:23:23+00:00
41.03655,-74.11246,2023-12-11 12:23:25+00:00
41.03625,-74.11236,2023-12-11 12:23:27+00:00
41.03592,-74.11226,2023-12-11 12:23:29+00:00
41.0356,-74.11217,2023-12-11 12:23:31+00:00
41.03529,-74.11207,2023-12-11 12:23:34+00:00
41.03497,-74.11197,2023-12-11 12:23:36+00:00
41.03487,-74.11196,2023-12-11 12:23:36+00:00
41.03487,-74.11196,2023-12-11 12:23:36+00:00
41.03261,-74.11142,2023-12-11 12:23:52+00:00
41.03218,-74.11132,2023-12-11 12:23:55+00:00
41.03189,-74.11125,2023-12-11 12:23:57+00:00
41.03026,-74.11086,2023-12-11 12:24:08+00:00
41.02883,-74.11053,2023-12-11 12:24:17+00:00
41.02798,-74.11033,2023-12-11 12:24:23+00:00
41.02352,-74.1093,2023-12-11 12:24:53+00:00
41.01945,-74.10838,2023-12-11 12:25:21+00:00
41.0191,-74.1083,2023-12-11 12:25:23+00:00
41.01879,-74.1082,2023-12-11 12:25:25+00:00
41.01838,-74.10811,2023-12-11 12:25:28+00:00
41.01678,-74.10774,2023-12-11 12:25:39+00:00
41.01646,-74.10768,2023-12-11 12:25:41+00:00
41.01614,-74.10763,2023-12-11 12:25:43+00:00
41.01577,-74.10759,2023-12-11 12:25:46+00:00
41.01571,-74.10758,2023-12-11 12:25:46+00:00
41.01553,-74.10756,2023-12-11 12:25:47+00:00
41.01503,-74.1075,2023-12-11 12:25:51+00:00
41.01434,-74.10742,2023-12-11 12:25:55+00:00
41.01366,-74.10733,2023-12-11 12:26:00+00:00
41.01298,-74.10725,2023-12-11 12:26:04+00:00
41.01229,-74.10717,2023-12-11 12:26:09+00:00
41.01172,-74.1071,2023-12-11 12:26:13+00:00
41.01162,-74.10708,2023-12-11 12:26:14+00:00
41.0116,-74.10708,2023-12-11 12:26:14+00:00
41.0116,-74.10708,2023-12-11 12:26:14+00:00
41.01147,-74.10705,2023-12-11 12:26:15+00:00
41.01135,-74.10702,2023-12-11 12:26:15+00:00
41.01121,-74.10698,2023-12-11 12:26:16+00:00
41.01108,-74.10694,2023-12-11 12:26:17+00:00
41.01093,-74.10688,2023-12-11 12:26:18+00:00
41.01079,-74.10682,2023-12-11 12:26:19+00:00
41.01065,-74.10675,2023-12-11 12:26:20+00:00
41.01051,-74.10668,2023-12-11 12:26:21+00:00
41.01037,-74.10659,2023-12-11 12:26:22+00:00
41.01026,-74.10652,2023-12-11 12:26:23+00:00
41.01012,-74.10642,2023-12-11 12:26:24+00:00
41.01,-74.10633,2023-12-11 12:26:25+00:00
41.00988,-74.10623,2023-12-11 12:26:26+00:00
41.00956,-74.10592,2023-12-11 12:26:29+00:00
41.0092,-74.10556,2023-12-11 12:26:32+00:00
41.00832,-74.10468,2023-12-11 12:26:39+00:00
41.00815,-74.10451,2023-12-11 12:26:40+00:00
41.00798,-74.10434,2023-12-11 12:26:42+00:00
41.00778,-74.10416,2023-12-11 12:26:43+00:00
41.00761,-74.104,2023-12-11 12:26:45+00:00
41.00743,-74.10385,2023-12-11 12:26:46+00:00
41.00724,-74.10369,2023-12-11 12:26:48+00:00
41.00705,-74.10354,2023-12-11 12:26:49+00:00
41.00686,-74.1034,2023-12-11 12:26:51+00:00
41.00667,-74.10326,2023-12-11 12:26:52+00:00
41.00647,-74.10313,2023-12-11 12:26:54+00:00
41.00627,-74.103,2023-12-11 12:26:55+00:00
41.00607,-74.10288,2023-12-11 12:26:57+00:00
41.00586,-74.10277,2023-12-11 12:26:58+00:00
41.00567,-74.10266,2023-12-11 12:27:00+00:00
41.00546,-74.10256,2023-12-11 12:27:01+00:00
41.00525,-74.10246,2023-12-11 12:27:02+00:00
41.00504,-74.10236,2023-12-11 12:27:04+00:00
41.00483,-74.10228,2023-12-11 12:27:05+00:00
41.00462,-74.1022,2023-12-11 12:27:07+00:00
41.00441,-74.10213,2023-12-11 12:27:08+00:00
41.00419,-74.10205,2023-12-11 12:27:10+00:00
41.00398,-74.10199,2023-12-11 12:27:11+00:00
41.00376,-74.10194,2023-12-11 12:27:13+00:00
41.00355,-74.10189,2023-12-11 12:27:14+00:00
41.00332,-74.10184,2023-12-11 12:27:16+00:00
41.00278,-74.10175,2023-12-11 12:27:19+00:00
41.00257,-74.10171,2023-12-11 12:27:21+00:00
41.00235,-74.10166,2023-12-11 12:27:22+00:00
41.00214,-74.10161,2023-12-11 12:27:24+00:00
41.00192,-74.10155,2023-12-11 12:27:25+00:00
41.00192,-74.10155,2023-12-11 12:27:25+00:00
41.0017,-74.10149,2023-12-11 12:27:27+00:00
41.00149,-74.10142,2023-12-11 12:27:28+00:00
41.00128,-74.10134,2023-12-11 12:27:30+00:00
41.00106,-74.10126,2023-12-11 12:27:31+00:00
41.00085,-74.10117,2023-12-11 12:27:33+00:00
41.00065,-74.10108,2023-12-11 12:27:34+00:00
41.00044,-74.10098,2023-12-11 12:27:36+00:00
41.00024,-74.10088,2023-12-11 12:27:37+00:00
41.00004,-74.10076,2023-12-11 12:27:38+00:00
40.99983,-74.10065,2023-12-11 12:27:40+00:00
40.99963,-74.10052,2023-12-11 12:27:41+00:00
40.99944,-74.1004,2023-12-11 12:27:43+00:00
40.99924,-74.10027,2023-12-11 12:27:44+00:00
40.99906,-74.10014,2023-12-11 12:27:46+00:00
40.99886,-74.09999,2023-12-11 12:27:47+00:00
40.99867,-74.09984,2023-12-11 12:27:49+00:00
40.99849,-74.09969,2023-12-11 12:27:50+00:00
40.9983,-74.09953,2023-12-11 12:27:52+00:00
40.99728,-74.09865,2023-12-11 12:28:00+00:00
40.9971,-74.0985,2023-12-11 12:28:01+00:00
40.99691,-74.09835,2023-12-11 12:28:03+00:00
40.99672,-74.09821,2023-12-11 12:28:04+00:00
40.99653,-74.09806,2023-12-11 12:28:06+00:00
40.99633,-74.09793,2023-12-11 12:28:07+00:00
40.99614,-74.09779,2023-12-11 12:28:08+00:00
40.99594,-74.09766,2023-12-11 12:28:10+00:00
40.99574,-74.09753,2023-12-11 12:28:11+00:00
40.99555,-74.0974,2023-12-11 12:28:13+00:00
40.99534,-74.09728,2023-12-11 12:28:14+00:00
40.99514,-74.09717,2023-12-11 12:28:16+00:00
40.99494,-74.09705,2023-12-11 12:28:17+00:00
40.99474,-74.09694,2023-12-11 12:28:19+00:00
40.99474,-74.09694,2023-12-11 12:28:19+00:00
40.99453,-74.09684,2023-12-11 12:28:20+00:00
40.99433,-74.09674,2023-12-11 12:28:22+00:00
40.99413,-74.09664,2023-12-11 12:28:23+00:00
40.99392,-74.09654,2023-12-11 12:28:25+00:00
40.99371,-74.09645,2023-12-11 12:28:26+00:00
40.9935,-74.09637,2023-12-11 12:28:27+00:00
40.99329,-74.09628,2023-12-11 12:28:29+00:00
40.99308,-74.09621,2023-12-11 12:28:30+00:00
40.99286,-74.09613,2023-12-11 12:28:32+00:00
40.99265,-74.09606,2023-12-11 12:28:33+00:00
40.99244,-74.09599,2023-12-11 12:28:35+00:00
40.99222,-74.09593,2023-12-11 12:28:36+00:00
40.99201,-74.09587,2023-12-11 12:28:38+00:00
40.99189,-74.09584,2023-12-11 12:28:39+00:00
40.99168,-74.09579,2023-12-11 12:28:40+00:00
40.99126,-74.09569,2023-12-11 12:28:43+00:00
40.99103,-74.09562,2023-12-11 12:28:44+00:00
40.99082,-74.09555,2023-12-11 12:28:46+00:00
40.99071,-74.09551,2023-12-11 12:28:47+00:00
40.9905,-74.09543,2023-12-11 12:28:48+00:00
40.9903,-74.09534,2023-12-11 12:28:49+00:00
40.99009,-74.09525,2023-12-11 12:28:51+00:00
40.98987,-74.09514,2023-12-11 12:28:53+00:00
40.98967,-74.09503,2023-12-11 12:28:54+00:00
40.98947,-74.09491,2023-12-11 12:28:55+00:00
40.98928,-74.09479,2023-12-11 12:28:57+00:00
40.98906,-74.09464,2023-12-11 12:28:58+00:00
40.98897,-74.09457,2023-12-11 12:28:59+00:00
40.98873,-74.0944,2023-12-11 12:29:01+00:00
40.98863,-74.09432,2023-12-11 12:29:02+00:00
40.98823,-74.09398,2023-12-11 12:29:05+00:00
40.98808,-74.09385,2023-12-11 12:29:06+00:00
40.98777,-74.0936,2023-12-11 12:29:09+00:00
40.98777,-74.0936,2023-12-11 12:29:09+00:00
40.98648,-74.09251,2023-12-11 12:29:19+00:00
40.98619,-74.09226,2023-12-11 12:29:21+00:00
40.98573,-74.09186,2023-12-11 12:29:25+00:00
40.98555,-74.0917,2023-12-11 12:29:26+00:00
40.98537,-74.09152,2023-12-11 12:29:28+00:00
40.98513,-74.0913,2023-12-11 12:29:30+00:00
40.98476,-74.09093,2023-12-11 12:29:33+00:00
40.98476,-74.09093,2023-12-11 12:29:33+00:00
40.98441,-74.09055,2023-12-11 12:29:36+00:00
40.98424,-74.09037,2023-12-11 12:29:37+00:00
40.98408,-74.09019,2023-12-11 12:29:39+00:00
40.98391,-74.09,2023-12-11 12:29:40+00:00
40.98375,-74.0898,2023-12-11 12:29:42+00:00
40.9836,-74.08961,2023-12-11 12:29:43+00:00
40.98344,-74.08941,2023-12-11 12:29:44+00:00
40.98329,-74.0892,2023-12-11 12:29:46+00:00
40.98314,-74.08898,2023-12-11 12:29:47+00:00
40.98293,-74.08865,2023-12-11 12:29:50+00:00
40.9828,-74.08843,2023-12-11 12:29:51+00:00
40.9828,-74.08843,2023-12-11 12:29:51+00:00
40.98267,-74.0882,2023-12-11 12:29:52+00:00
40.98255,-74.08796,2023-12-11 12:29:54+00:00
40.98242,-74.08773,2023-12-11 12:29:55+00:00
40.98194,-74.08678,2023-12-11 12:30:01+00:00
40.98181,-74.08655,2023-12-11 12:30:03+00:00
40.98167,-74.08631,2023-12-11 12:30:04+00:00
40.9816,-74.08619,2023-12-11 12:30:05+00:00
40.98153,-74.08608,2023-12-11 12:30:06+00:00
40.98141,-74.08589,2023-12-11 12:30:07+00:00
40.98125,-74.08565,2023-12-11 12:30:08+00:00
40.98111,-74.08545,2023-12-11 12:30:10+00:00
40.98095,-74.08524,2023-12-11 12:30:11+00:00
40.98079,-74.08504,2023-12-11 12:30:13+00:00
40.98063,-74.08486,2023-12-11 12:30:14+00:00
40.98052,-74.08472,2023-12-11 12:30:15+00:00
40.98039,-74.08459,2023-12-11 12:30:16+00:00
40.98039,-74.08459,2023-12-11 12:30:16+00:00
40.98013,-74.08432,2023-12-11 12:30:18+00:00
40.97995,-74.08415,2023-12-11 12:30:20+00:00
40.97978,-74.084,2023-12-11 12:30:21+00:00
40.97959,-74.08385,2023-12-11 12:30:23+00:00
40.9794,-74.0837,2023-12-11 12:30:24+00:00
40.97921,-74.08356,2023-12-11 12:30:26+00:00
40.97902,-74.08343,2023-12-11 12:30:27+00:00
40.97883,-74.08331,2023-12-11 12:30:29+00:00
40.97863,-74.08319,2023-12-11 12:30:30+00:00
40.97843,-74.08308,2023-12-11 12:30:31+00:00
40.97824,-74.08297,2023-12-11 12:30:33+00:00
40.97803,-74.08288,2023-12-11 12:30:34+00:00
40.97785,-74.0828,2023-12-11 12:30:36+00:00
40.97766,-74.08272,2023-12-11 12:30:37+00:00
40.97744,-74.08262,2023-12-11 12:30:38+00:00
40.97716,-74.08249,2023-12-11 12:30:40+00:00
40.97689,-74.08238,2023-12-11 12:30:42+00:00
40.97642,-74.08219,2023-12-11 12:30:46+00:00
40.97626,-74.08213,2023-12-11 12:30:47+00:00
40.97583,-74.08195,2023-12-11 12:30:50+00:00
40.97559,-74.08186,2023-12-11 12:30:51+00:00
40.97528,-74.08173,2023-12-11 12:30:54+00:00
40.97524,-74.08171,2023-12-11 12:30:54+00:00
40.97518,-74.08169,2023-12-11 12:30:54+00:00
40.97479,-74.08153,2023-12-11 12:30:57+00:00
40.97448,-74.0814,2023-12-11 12:30:59+00:00
40.97431,-74.08134,2023-12-11 12:31:00+00:00
40.97406,-74.08124,2023-12-11 12:31:02+00:00
40.97388,-74.08116,2023-12-11 12:31:03+00:00
40.97367,-74.08108,2023-12-11 12:31:05+00:00
40.9732,-74.08088,2023-12-11 12:31:08+00:00
40.97303,-74.08081,2023-12-11 12:31:09+00:00
40.97298,-74.08079,2023-12-11 12:31:10+00:00
40.97225,-74.0805,2023-12-11 12:31:15+00:00
40.97203,-74.08044,2023-12-11 12:31:16+00:00
40.97184,-74.08036,2023-12-11 12:31:17+00:00
40.97169,-74.08029,2023-12-11 12:31:19+00:00
40.97038,-74.07974,2023-12-11 12:31:28+00:00
40.97022,-74.07968,2023-12-11 12:31:29+00:00
40.96981,-74.07952,2023-12-11 12:31:32+00:00
40.96959,-74.07943,2023-12-11 12:31:33+00:00
40.96837,-74.07894,2023-12-11 12:31:42+00:00
40.96804,-74.07881,2023-12-11 12:31:44+00:00
40.96769,-74.07865,2023-12-11 12:31:46+00:00
40.96768,-74.07865,2023-12-11 12:31:47+00:00
40.96704,-74.07839,2023-12-11 12:31:51+00:00
40.96702,-74.07838,2023-12-11 12:31:51+00:00
40.96697,-74.07836,2023-12-11 12:31:52+00:00
40.96673,-74.07826,2023-12-11 12:31:53+00:00
40.96638,-74.07812,2023-12-11 12:31:56+00:00
40.9663,-74.07808,2023-12-11 12:31:56+00:00
40.96505,-74.07757,2023-12-11 12:32:05+00:00
40.96481,-74.07748,2023-12-11 12:32:07+00:00
40.96401,-74.07715,2023-12-11 12:32:12+00:00
40.96363,-74.077,2023-12-11 12:32:15+00:00
40.96359,-74.07698,2023-12-11 12:32:15+00:00
40.96353,-74.07696,2023-12-11 12:32:16+00:00
40.96317,-74.07681,2023-12-11 12:32:18+00:00
40.96317,-74.07681,2023-12-11 12:32:18+00:00
40.96317,-74.07681,2023-12-11 12:32:18+00:00
40.96308,-74.07677,2023-12-11 12:32:19+00:00
40.96306,-74.07676,2023-12-11 12:32:19+00:00
40.9626,-74.07658,2023-12-11 12:32:22+00:00
40.96245,-74.07652,2023-12-11 12:32:23+00:00
40.96208,-74.07638,2023-12-11 12:32:26+00:00
40.962,-74.07635,2023-12-11 12:32:26+00:00
40.96163,-74.07621,2023-12-11 12:32:29+00:00
40.96153,-74.07617,2023-12-11 12:32:29+00:00
40.96153,-74.07617,2023-12-11 12:32:29+00:00
40.96107,-74.07597,2023-12-11 12:32:33+00:00
40.96061,-74.07578,2023-12-11 12:32:36+00:00
40.9598,-74.07544,2023-12-11 12:32:42+00:00
40.95905,-74.07514,2023-12-11 12:32:47+00:00
40.95904,-74.07513,2023-12-11 12:32:47+00:00
40.95884,-74.07506,2023-12-11 12:32:48+00:00
40.95864,-74.07498,2023-12-11 12:32:50+00:00
40.95845,-74.0749,2023-12-11 12:32:51+00:00
40.95831,-74.07484,2023-12-11 12:32:52+00:00
40.95794,-74.07468,2023-12-11 12:32:55+00:00
40.9575,-74.0745,2023-12-11 12:32:58+00:00
40.95705,-74.07432,2023-12-11 12:33:01+00:00
40.95679,-74.07422,2023-12-11 12:33:03+00:00
40.95664,-74.07416,2023-12-11 12:33:04+00:00
40.95644,-74.07408,2023-12-11 12:33:05+00:00
40.95619,-74.07397,2023-12-11 12:33:07+00:00
40.95592,-74.07387,2023-12-11 12:33:09+00:00
40.95574,-74.0738,2023-12-11 12:33:10+00:00
40.9553,-74.07363,2023-12-11 12:33:13+00:00
40.95515,-74.07358,2023-12-11 12:33:14+00:00
40.95498,-74.07353,2023-12-11 12:33:15+00:00
40.95487,-74.07349,2023-12-11 12:33:16+00:00
40.9548,-74.07347,2023-12-11 12:33:16+00:00
40.95473,-74.07344,2023-12-11 12:33:17+00:00
40.95459,-74.07339,2023-12-11 12:33:18+00:00
40.95454,-74.07338,2023-12-11 12:33:18+00:00
40.95446,-74.07336,2023-12-11 12:33:19+00:00
40.95419,-74.07327,2023-12-11 12:33:21+00:00
40.954,-74.07321,2023-12-11 12:33:22+00:00
40.95383,-74.07316,2023-12-11 12:33:23+00:00
40.95376,-74.07314,2023-12-11 12:33:24+00:00
40.9534,-74.07304,2023-12-11 12:33:26+00:00
40.95333,-74.07302,2023-12-11 12:33:26+00:00
40.95329,-74.07301,2023-12-11 12:33:27+00:00
40.95313,-74.07297,2023-12-11 12:33:28+00:00
40.95285,-74.0729,2023-12-11 12:33:30+00:00
40.95272,-74.07287,2023-12-11 12:33:31+00:00
40.95241,-74.07279,2023-12-11 12:33:33+00:00
40.9522,-74.07275,2023-12-11 12:33:34+00:00
40.95204,-74.07271,2023-12-11 12:33:35+00:00
40.95196,-74.07269,2023-12-11 12:33:36+00:00
40.95189,-74.07268,2023-12-11 12:33:36+00:00
40.95181,-74.07266,2023-12-11 12:33:37+00:00
40.95139,-74.0726,2023-12-11 12:33:40+00:00
40.95129,-74.07258,2023-12-11 12:33:40+00:00
40.95106,-74.07253,2023-12-11 12:33:42+00:00
40.9506,-74.07245,2023-12-11 12:33:45+00:00
40.95014,-74.07238,2023-12-11 12:33:48+00:00
40.94969,-74.07234,2023-12-11 12:33:51+00:00
40.94934,-74.07231,2023-12-11 12:33:53+00:00
40.94861,-74.07224,2023-12-11 12:33:58+00:00
40.9483,-74.07222,2023-12-11 12:34:00+00:00
40.94808,-74.0722,2023-12-11 12:34:02+00:00
40.94794,-74.07218,2023-12-11 12:34:03+00:00
40.94733,-74.07211,2023-12-11 12:34:07+00:00
40.94717,-74.0721,2023-12-11 12:34:08+00:00
40.94715,-74.0721,2023-12-11 12:34:08+00:00
40.94682,-74.07207,2023-12-11 12:34:10+00:00
40.94672,-74.07206,2023-12-11 12:34:11+00:00
40.94622,-74.07201,2023-12-11 12:34:14+00:00
40.94589,-74.07198,2023-12-11 12:34:16+00:00
40.94578,-74.07197,2023-12-11 12:34:17+00:00
40.94561,-74.07196,2023-12-11 12:34:18+00:00
40.94549,-74.07194,2023-12-11 12:34:19+00:00
40.94511,-74.07191,2023-12-11 12:34:22+00:00
40.94433,-74.07183,2023-12-11 12:34:27+00:00
40.94419,-74.07182,2023-12-11 12:34:28+00:00
40.9439,-74.0718,2023-12-11 12:34:30+00:00
40.94349,-74.07176,2023-12-11 12:34:32+00:00
40.94343,-74.07175,2023-12-11 12:34:33+00:00
40.94334,-74.07174,2023-12-11 12:34:33+00:00
40.94301,-74.07171,2023-12-11 12:34:36+00:00
40.94299,-74.07171,2023-12-11 12:34:36+00:00
40.94272,-74.07169,2023-12-11 12:34:38+00:00
40.94163,-74.07158,2023-12-11 12:34:45+00:00
40.9416,-74.07158,2023-12-11 12:34:45+00:00
40.94157,-74.07158,2023-12-11 12:34:45+00:00
40.94152,-74.07158,2023-12-11 12:34:46+00:00
40.9405,-74.07148,2023-12-11 12:34:52+00:00
40.93925,-74.07136,2023-12-11 12:35:01+00:00
40.93849,-74.07129,2023-12-11 12:35:06+00:00
40.93818,-74.07127,2023-12-11 12:35:08+00:00
40.93764,-74.07121,2023-12-11 12:35:12+00:00
40.93683,-74.07114,2023-12-11 12:35:17+00:00
40.93536,-74.07101,2023-12-11 12:35:27+00:00
40.93508,-74.07099,2023-12-11 12:35:29+00:00
40.93493,-74.07097,2023-12-11 12:35:30+00:00
40.93469,-74.07095,2023-12-11 12:35:31+00:00
40.9345,-74.07092,2023-12-11 12:35:33+00:00
40.93421,-74.07089,2023-12-11 12:35:35+00:00
40.93417,-74.07089,2023-12-11 12:35:35+00:00
40.93415,-74.07089,2023-12-11 12:35:35+00:00
40.934,-74.07087,2023-12-11 12:35:36+00:00
40.93387,-74.07086,2023-12-11 12:35:37+00:00
40.93376,-74.07085,2023-12-11 12:35:38+00:00
40.93355,-74.07083,2023-12-11 12:35:39+00:00
40.9333,-74.07081,2023-12-11 12:35:41+00:00
40.93316,-74.07079,2023-12-11 12:35:42+00:00
40.93303,-74.07078,2023-12-11 12:35:42+00:00
40.9327,-74.07075,2023-12-11 12:35:45+00:00
40.93233,-74.07072,2023-12-11 12:35:47+00:00
40.93221,-74.0707,2023-12-11 12:35:48+00:00
40.93199,-74.07068,2023-12-11 12:35:49+00:00
40.93153,-74.07064,2023-12-11 12:35:52+00:00
40.93145,-74.07064,2023-12-11 12:35:53+00:00
40.93118,-74.07062,2023-12-11 12:35:55+00:00
40.93112,-74.07061,2023-12-11 12:35:55+00:00
40.93108,-74.07061,2023-12-11 12:35:55+00:00
40.93074,-74.0706,2023-12-11 12:35:58+00:00
40.93036,-74.0706,2023-12-11 12:36:00+00:00
40.93004,-74.0706,2023-12-11 12:36:02+00:00
40.92972,-74.07061,2023-12-11 12:36:05+00:00
40.92939,-74.07062,2023-12-11 12:36:07+00:00
40.92907,-74.07064,2023-12-11 12:36:09+00:00
40.92874,-74.07067,2023-12-11 12:36:11+00:00
40.92842,-74.0707,2023-12-11 12:36:13+00:00
40.9281,-74.07074,2023-12-11 12:36:15+00:00
40.92777,-74.07079,2023-12-11 12:36:18+00:00
40.92746,-74.07084,2023-12-11 12:36:20+00:00
40.92714,-74.0709,2023-12-11 12:36:22+00:00
40.92561,-74.07121,2023-12-11 12:36:32+00:00
40.92561,-74.07121,2023-12-11 12:36:32+00:00
40.9251,-74.07131,2023-12-11 12:36:36+00:00
40.9251,-74.07131,2023-12-11 12:36:36+00:00
40.92468,-74.07137,2023-12-11 12:36:38+00:00
40.92435,-74.07144,2023-12-11 12:36:41+00:00
40.92403,-74.0715,2023-12-11 12:36:43+00:00
40.92371,-74.07157,2023-12-11 12:36:45+00:00
40.92339,-74.07166,2023-12-11 12:36:47+00:00
40.92307,-74.07175,2023-12-11 12:36:49+00:00
40.92276,-74.07185,2023-12-11 12:36:51+00:00
40.92245,-74.07195,2023-12-11 12:36:54+00:00
40.92213,-74.07205,2023-12-11 12:36:56+00:00
40.92181,-74.07214,2023-12-11 12:36:58+00:00
40.92153,-74.07221,2023-12-11 12:37:00+00:00
40.92112,-74.0723,2023-12-11 12:37:03+00:00
40.92051,-74.07242,2023-12-11 12:37:07+00:00
40.92018,-74.07249,2023-12-11 12:37:09+00:00
40.91984,-74.07254,2023-12-11 12:37:11+00:00
40.91952,-74.07258,2023-12-11 12:37:13+00:00
40.9192,-74.07262,2023-12-11 12:37:16+00:00
40.91887,-74.07265,2023-12-11 12:37:18+00:00
40.918,-74.0727,2023-12-11 12:37:24+00:00
40.91746,-74.07273,2023-12-11 12:37:27+00:00
40.91737,-74.07272,2023-12-11 12:37:28+00:00
40.91737,-74.07272,2023-12-11 12:37:28+00:00
40.91708,-74.07273,2023-12-11 12:37:30+00:00
40.91672,-74.07273,2023-12-11 12:37:32+00:00
40.91637,-74.07271,2023-12-11 12:37:34+00:00
40.91596,-74.07266,2023-12-11 12:37:37+00:00
40.91572,-74.07262,2023-12-11 12:37:39+00:00
40.91572,-74.07262,2023-12-11 12:37:39+00:00
40.91543,-74.07255,2023-12-11 12:37:41+00:00
40.91514,-74.07245,2023-12-11 12:37:43+00:00
40.91483,-74.07235,2023-12-11 12:37:45+00:00
40.91451,-74.07222,2023-12-11 12:37:47+00:00
40.91419,-74.07207,2023-12-11 12:37:49+00:00
40.91388,-74.0719,2023-12-11 12:37:52+00:00
40.91356,-74.07171,2023-12-11 12:37:54+00:00
40.91325,-74.07152,2023-12-11 12:37:56+00:00
40.91295,-74.07137,2023-12-11 12:37:58+00:00
40.91295,-74.07137,2023-12-11 12:37:58+00:00
40.91267,-74.07124,2023-12-11 12:38:00+00:00
40.91238,-74.07113,2023-12-11 12:38:02+00:00
40.9121,-74.07104,2023-12-11 12:38:04+00:00
40.91182,-74.07096,2023-12-11 12:38:06+00:00
40.91151,-74.07088,2023-12-11 12:38:08+00:00
40.91142,-74.07087,2023-12-11 12:38:09+00:00
40.91119,-74.07082,2023-12-11 12:38:11+00:00
40.91107,-74.07081,2023-12-11 12:38:11+00:00
40.91088,-74.07078,2023-12-11 12:38:13+00:00
40.91055,-74.07076,2023-12-11 12:38:15+00:00
40.9103,-74.07075,2023-12-11 12:38:16+00:00
40.91007,-74.07075,2023-12-11 12:38:18+00:00
40.90983,-74.07076,2023-12-11 12:38:20+00:00
40.90952,-74.0708,2023-12-11 12:38:22+00:00
40.90903,-74.07089,2023-12-11 12:38:25+00:00
40.90841,-74.07102,2023-12-11 12:38:29+00:00
40.908,-74.07113,2023-12-11 12:38:32+00:00
40.90682,-74.07137,2023-12-11 12:38:40+00:00
40.90633,-74.07147,2023-12-11 12:38:43+00:00
40.90591,-74.07157,2023-12-11 12:38:46+00:00
40.90581,-74.07159,2023-12-11 12:38:47+00:00
40.90554,-74.07166,2023-12-11 12:38:49+00:00
40.90516,-74.07175,2023-12-11 12:38:51+00:00
40.90478,-74.07184,2023-12-11 12:38:54+00:00
40.90439,-74.07193,2023-12-11 12:38:56+00:00
40.90412,-74.072,2023-12-11 12:38:58+00:00
40.9039,-74.07205,2023-12-11 12:39:00+00:00
40.90344,-74.07216,2023-12-11 12:39:03+00:00
40.90059,-74.07284,2023-12-11 12:39:22+00:00
40.90042,-74.07288,2023-12-11 12:39:23+00:00
40.89957,-74.07309,2023-12-11 12:39:29+00:00
40.89915,-74.07319,2023-12-11 12:39:32+00:00
40.89877,-74.07327,2023-12-11 12:39:34+00:00
40.89844,-74.07331,2023-12-11 12:39:37+00:00
40.89813,-74.07331,2023-12-11 12:39:39+00:00
40.8978,-74.0733,2023-12-11 12:39:41+00:00
40.8975,-74.07326,2023-12-11 12:39:43+00:00
40.8972,-74.0732,2023-12-11 12:39:45+00:00
40.8969,-74.07312,2023-12-11 12:39:47+00:00
40.89673,-74.07305,2023-12-11 12:39:48+00:00
40.89662,-74.07301,2023-12-11 12:39:49+00:00
40.8959,-74.0727,2023-12-11 12:39:54+00:00
40.89543,-74.07249,2023-12-11 12:39:57+00:00
40.89514,-74.07235,2023-12-11 12:39:59+00:00
40.89501,-74.07229,2023-12-11 12:40:00+00:00
40.8947,-74.07217,2023-12-11 12:40:02+00:00
40.89435,-74.072,2023-12-11 12:40:05+00:00
40.89435,-74.072,2023-12-11 12:40:05+00:00
40.89319,-74.07149,2023-12-11 12:40:13+00:00
40.89299,-74.0714,2023-12-11 12:40:15+00:00
40.89208,-74.071,2023-12-11 12:40:21+00:00
40.89187,-74.0709,2023-12-11 12:40:22+00:00
40.89071,-74.0704,2023-12-11 12:40:31+00:00
40.89066,-74.07037,2023-12-11 12:40:31+00:00
40.89029,-74.07021,2023-12-11 12:40:34+00:00
40.88974,-74.06996,2023-12-11 12:40:37+00:00
40.88969,-74.06994,2023-12-11 12:40:38+00:00
40.88917,-74.0697,2023-12-11 12:40:41+00:00
40.88838,-74.06934,2023-12-11 12:40:47+00:00
40.88813,-74.06922,2023-12-11 12:40:49+00:00
40.8881,-74.06921,2023-12-11 12:40:49+00:00
40.88775,-74.06906,2023-12-11 12:40:51+00:00
40.8872,-74.06878,2023-12-11 12:40:55+00:00
40.88681,-74.06859,2023-12-11 12:40:58+00:00
40.88642,-74.0684,2023-12-11 12:41:01+00:00
40.88619,-74.0683,2023-12-11 12:41:03+00:00
40.88585,-74.06813,2023-12-11 12:41:05+00:00
40.88575,-74.06809,2023-12-11 12:41:06+00:00
40.8851,-74.06782,2023-12-11 12:41:10+00:00
40.88463,-74.06761,2023-12-11 12:41:14+00:00
40.88451,-74.06756,2023-12-11 12:41:14+00:00
40.88418,-74.06742,2023-12-11 12:41:17+00:00
40.88368,-74.0672,2023-12-11 12:41:20+00:00
40.88311,-74.06695,2023-12-11 12:41:24+00:00
40.88284,-74.06683,2023-12-11 12:41:26+00:00
40.88267,-74.06676,2023-12-11 12:41:27+00:00
40.88241,-74.06664,2023-12-11 12:41:29+00:00
40.88201,-74.06647,2023-12-11 12:41:32+00:00
40.88165,-74.06631,2023-12-11 12:41:34+00:00
40.88135,-74.06617,2023-12-11 12:41:37+00:00
40.88119,-74.0661,2023-12-11 12:41:38+00:00
40.88112,-74.06607,2023-12-11 12:41:38+00:00
40.88093,-74.06598,2023-12-11 12:41:40+00:00
40.88088,-74.06596,2023-12-11 12:41:40+00:00
40.88075,-74.06591,2023-12-11 12:41:41+00:00
40.88051,-74.0658,2023-12-11 12:41:42+00:00
40.88039,-74.06575,2023-12-11 12:41:43+00:00
40.87999,-74.06558,2023-12-11 12:41:46+00:00
40.87983,-74.06551,2023-12-11 12:41:47+00:00
40.87975,-74.06547,2023-12-11 12:41:48+00:00
40.87932,-74.06529,2023-12-11 12:41:51+00:00
40.8793,-74.06528,2023-12-11 12:41:51+00:00
40.87877,-74.06505,2023-12-11 12:41:55+00:00
40.87877,-74.06505,2023-12-11 12:41:55+00:00
40.8773,-74.06438,2023-12-11 12:42:05+00:00
40.8773,-74.06438,2023-12-11 12:42:05+00:00
40.87672,-74.06405,2023-12-11 12:42:09+00:00
40.87662,-74.06397,2023-12-11 12:42:10+00:00
40.87653,-74.06389,2023-12-11 12:42:11+00:00
40.87643,-74.06379,2023-12-11 12:42:12+00:00
40.87635,-74.06369,2023-12-11 12:42:12+00:00
40.87614,-74.06341,2023-12-11 12:42:14+00:00
40.87598,-74.0632,2023-12-11 12:42:16+00:00
40.87587,-74.06308,2023-12-11 12:42:17+00:00
40.87576,-74.06296,2023-12-11 12:42:18+00:00
40.87555,-74.06279,2023-12-11 12:42:19+00:00
40.87506,-74.0624,2023-12-11 12:42:23+00:00
40.87426,-74.0617,2023-12-11 12:42:30+00:00
40.87368,-74.06123,2023-12-11 12:42:34+00:00
40.8735,-74.06108,2023-12-11 12:42:36+00:00
40.87305,-74.06068,2023-12-11 12:42:39+00:00
40.87282,-74.06047,2023-12-11 12:42:41+00:00
40.87258,-74.06025,2023-12-11 12:42:43+00:00
40.87198,-74.05969,2023-12-11 12:42:48+00:00
40.87113,-74.05883,2023-12-11 12:42:55+00:00
40.87096,-74.05867,2023-12-11 12:42:56+00:00
40.8707,-74.05839,2023-12-11 12:42:59+00:00
40.87046,-74.05812,2023-12-11 12:43:01+00:00
40.87012,-74.05772,2023-12-11 12:43:04+00:00
40.86994,-74.05749,2023-12-11 12:43:05+00:00
40.8697,-74.05717,2023-12-11 12:43:08+00:00
40.86947,-74.05686,2023-12-11 12:43:10+00:00
40.86927,-74.05657,2023-12-11 12:43:12+00:00
40.86927,-74.05657,2023-12-11 12:43:12+00:00
40.86879,-74.05579,2023-12-11 12:43:17+00:00
40.86856,-74.05536,2023-12-11 12:43:20+00:00
40.86837,-74.05497,2023-12-11 12:43:22+00:00
40.86823,-74.05464,2023-12-11 12:43:24+00:00
40.86813,-74.05438,2023-12-11 12:43:25+00:00
40.86788,-74.05369,2023-12-11 12:43:29+00:00
40.86776,-74.0533,2023-12-11 12:43:31+00:00
40.86767,-74.05294,2023-12-11 12:43:33+00:00
40.86756,-74.05251,2023-12-11 12:43:36+00:00
40.86747,-74.05205,2023-12-11 12:43:38+00:00
40.86742,-74.05178,2023-12-11 12:43:39+00:00
40.8674,-74.0516,2023-12-11 12:43:40+00:00
40.86729,-74.05081,2023-12-11 12:43:44+00:00
40.86715,-74.04967,2023-12-11 12:43:50+00:00
40.86712,-74.0494,2023-12-11 12:43:52+00:00
40.86705,-74.04857,2023-12-11 12:43:56+00:00
40.8669,-74.04664,2023-12-11 12:44:06+00:00
40.86684,-74.04514,2023-12-11 12:44:13+00:00
40.86683,-74.04457,2023-12-11 12:44:16+00:00
40.86683,-74.04457,2023-12-11 12:44:16+00:00
40.8668,-74.0438,2023-12-11 12:44:20+00:00
40.86679,-74.0428,2023-12-11 12:44:25+00:00
40.86681,-74.04213,2023-12-11 12:44:28+00:00
40.86684,-74.0409,2023-12-11 12:44:35+00:00
40.86685,-74.03978,2023-12-11 12:44:40+00:00
40.86686,-74.03933,2023-12-11 12:44:42+00:00
40.86688,-74.03829,2023-12-11 12:44:48+00:00
40.86689,-74.03796,2023-12-11 12:44:49+00:00
40.86698,-74.03323,2023-12-11 12:45:13+00:00
40.86698,-74.03323,2023-12-11 12:45:13+00:00
40.86699,-74.03281,2023-12-11 12:45:15+00:00
40.86699,-74.03267,2023-12-11 12:45:16+00:00
40.86699,-74.03254,2023-12-11 12:45:17+00:00
40.86699,-74.0324,2023-12-11 12:45:17+00:00
40.86699,-74.03226,2023-12-11 12:45:18+00:00
40.86699,-74.03211,2023-12-11 12:45:19+00:00
40.86699,-74.03197,2023-12-11 12:45:20+00:00
40.86699,-74.03183,2023-12-11 12:45:20+00:00
40.86698,-74.0317,2023-12-11 12:45:21+00:00
40.86698,-74.03156,2023-12-11 12:45:22+00:00
40.86698,-74.0315,2023-12-11 12:45:22+00:00
40.86697,-74.03142,2023-12-11 12:45:22+00:00
40.86696,-74.03112,2023-12-11 12:45:24+00:00
40.86695,-74.03083,2023-12-11 12:45:25+00:00
40.86693,-74.03054,2023-12-11 12:45:27+00:00
40.86691,-74.03025,2023-12-11 12:45:28+00:00
40.86689,-74.02996,2023-12-11 12:45:30+00:00
40.86687,-74.02966,2023-12-11 12:45:31+00:00
40.86685,-74.02937,2023-12-11 12:45:33+00:00
40.86682,-74.02908,2023-12-11 12:45:34+00:00
40.8668,-74.02879,2023-12-11 12:45:36+00:00
40.86677,-74.02849,2023-12-11 12:45:37+00:00
40.86674,-74.0282,2023-12-11 12:45:39+00:00
40.86671,-74.02791,2023-12-11 12:45:40+00:00
40.86667,-74.02763,2023-12-11 12:45:42+00:00
40.86664,-74.02734,2023-12-11 12:45:43+00:00
40.8666,-74.02705,2023-12-11 12:45:45+00:00
40.86656,-74.02677,2023-12-11 12:45:46+00:00
40.86652,-74.02648,2023-12-11 12:45:47+00:00
40.86648,-74.02619,2023-12-11 12:45:49+00:00
40.86612,-74.02376,2023-12-11 12:46:01+00:00
40.86593,-74.02247,2023-12-11 12:46:08+00:00
40.86564,-74.02046,2023-12-11 12:46:18+00:00
40.86556,-74.01989,2023-12-11 12:46:21+00:00
40.86547,-74.01932,2023-12-11 12:46:24+00:00
40.86537,-74.01874,2023-12-11 12:46:27+00:00
40.86528,-74.01817,2023-12-11 12:46:30+00:00
40.86518,-74.0176,2023-12-11 12:46:33+00:00
40.86508,-74.01703,2023-12-11 12:46:36+00:00
40.86497,-74.01643,2023-12-11 12:46:39+00:00
40.86497,-74.01643,2023-12-11 12:46:39+00:00
40.86458,-74.01485,2023-12-11 12:46:48+00:00
40.86454,-74.0147,2023-12-11 12:46:48+00:00
40.8645,-74.01456,2023-12-11 12:46:49+00:00
40.86447,-74.01441,2023-12-11 12:46:50+00:00
40.86443,-74.01428,2023-12-11 12:46:51+00:00
40.86439,-74.01413,2023-12-11 12:46:51+00:00
40.86434,-74.01399,2023-12-11 12:46:52+00:00
40.86429,-74.01385,2023-12-11 12:46:53+00:00
40.86424,-74.01372,2023-12-11 12:46:54+00:00
40.86417,-74.0136,2023-12-11 12:46:55+00:00
40.8641,-74.01348,2023-12-11 12:46:55+00:00
40.86403,-74.01336,2023-12-11 12:46:56+00:00
40.86395,-74.01325,2023-12-11 12:46:57+00:00
40.86386,-74.01315,2023-12-11 12:46:58+00:00
40.86377,-74.01306,2023-12-11 12:46:58+00:00
40.86367,-74.01297,2023-12-11 12:46:59+00:00
40.86358,-74.01289,2023-12-11 12:47:00+00:00
40.86347,-74.01282,2023-12-11 12:47:01+00:00
40.86337,-74.01276,2023-12-11 12:47:01+00:00
40.86325,-74.01271,2023-12-11 12:47:02+00:00
40.86315,-74.01266,2023-12-11 12:47:03+00:00
40.86304,-74.01262,2023-12-11 12:47:04+00:00
40.86293,-74.01259,2023-12-11 12:47:05+00:00
40.86281,-74.01255,2023-12-11 12:47:05+00:00
40.8627,-74.01252,2023-12-11 12:47:06+00:00
40.86259,-74.01248,2023-12-11 12:47:07+00:00
40.86248,-74.01245,2023-12-11 12:47:08+00:00
40.86237,-74.01242,2023-12-11 12:47:08+00:00
40.86225,-74.01239,2023-12-11 12:47:09+00:00
40.86214,-74.01237,2023-12-11 12:47:10+00:00
40.86203,-74.01234,2023-12-11 12:47:11+00:00
40.86191,-74.01231,2023-12-11 12:47:11+00:00
40.8618,-74.01229,2023-12-11 12:47:12+00:00
40.86168,-74.01227,2023-12-11 12:47:13+00:00
40.86157,-74.01225,2023-12-11 12:47:14+00:00
40.86146,-74.01223,2023-12-11 12:47:15+00:00
40.86135,-74.01221,2023-12-11 12:47:15+00:00
40.86123,-74.01219,2023-12-11 12:47:16+00:00
40.86112,-74.01218,2023-12-11 12:47:17+00:00
40.861,-74.01217,2023-12-11 12:47:18+00:00
40.86089,-74.01216,2023-12-11 12:47:18+00:00
40.86078,-74.01215,2023-12-11 12:47:19+00:00
40.86032,-74.01212,2023-12-11 12:47:22+00:00
40.8602,-74.01212,2023-12-11 12:47:23+00:00
40.86008,-74.01213,2023-12-11 12:47:24+00:00
40.85997,-74.01214,2023-12-11 12:47:24+00:00
40.85986,-74.01215,2023-12-11 12:47:25+00:00
40.85975,-74.01216,2023-12-11 12:47:26+00:00
40.85964,-74.01218,2023-12-11 12:47:27+00:00
40.85953,-74.0122,2023-12-11 12:47:27+00:00
40.85942,-74.01222,2023-12-11 12:47:28+00:00
40.85931,-74.01224,2023-12-11 12:47:29+00:00
40.8592,-74.01227,2023-12-11 12:47:30+00:00
40.85911,-74.01229,2023-12-11 12:47:30+00:00
40.85901,-74.01232,2023-12-11 12:47:31+00:00
40.8589,-74.01236,2023-12-11 12:47:32+00:00
40.85879,-74.01239,2023-12-11 12:47:32+00:00
40.85869,-74.01243,2023-12-11 12:47:33+00:00
40.85858,-74.01247,2023-12-11 12:47:34+00:00
40.85848,-74.01251,2023-12-11 12:47:35+00:00
40.85838,-74.01255,2023-12-11 12:47:35+00:00
40.85828,-74.01259,2023-12-11 12:47:36+00:00
40.85817,-74.01264,2023-12-11 12:47:37+00:00
40.85807,-74.01269,2023-12-11 12:47:38+00:00
40.85796,-74.01274,2023-12-11 12:47:38+00:00
40.85786,-74.0128,2023-12-11 12:47:39+00:00
40.85745,-74.01302,2023-12-11 12:47:42+00:00
40.85733,-74.01308,2023-12-11 12:47:43+00:00
40.85714,-74.01317,2023-12-11 12:47:44+00:00
40.85652,-74.01347,2023-12-11 12:47:49+00:00
40.8558,-74.01382,2023-12-11 12:47:54+00:00
40.85528,-74.01407,2023-12-11 12:47:57+00:00
40.85445,-74.01447,2023-12-11 12:48:03+00:00
40.85373,-74.01482,2023-12-11 12:48:08+00:00
40.85301,-74.01517,2023-12-11 12:48:14+00:00
40.85222,-74.01556,2023-12-11 12:48:19+00:00
40.85222,-74.01556,2023-12-11 12:48:19+00:00
40.85187,-74.01569,2023-12-11 12:48:22+00:00
40.85166,-74.01578,2023-12-11 12:48:23+00:00
40.85145,-74.01588,2023-12-11 12:48:25+00:00
40.85063,-74.01628,2023-12-11 12:48:30+00:00
40.84983,-74.01667,2023-12-11 12:48:36+00:00
40.84977,-74.0167,2023-12-11 12:48:36+00:00
40.84977,-74.0167,2023-12-11 12:48:36+00:00
40.84977,-74.0167,2023-12-11 12:48:36+00:00
40.84922,-74.01697,2023-12-11 12:48:40+00:00
40.84899,-74.01708,2023-12-11 12:48:42+00:00
40.84875,-74.01719,2023-12-11 12:48:44+00:00
40.84863,-74.01725,2023-12-11 12:48:45+00:00
40.84851,-74.0173,2023-12-11 12:48:45+00:00
40.84839,-74.01736,2023-12-11 12:48:46+00:00
40.84826,-74.01741,2023-12-11 12:48:47+00:00
40.84814,-74.01746,2023-12-11 12:48:48+00:00
40.84802,-74.01751,2023-12-11 12:48:49+00:00
40.8479,-74.01755,2023-12-11 12:48:50+00:00
40.84777,-74.0176,2023-12-11 12:48:51+00:00
40.84765,-74.01764,2023-12-11 12:48:51+00:00
40.84738,-74.01773,2023-12-11 12:48:53+00:00
40.84707,-74.01783,2023-12-11 12:48:55+00:00
40.84693,-74.01786,2023-12-11 12:48:56+00:00
40.8468,-74.0179,2023-12-11 12:48:57+00:00
40.84667,-74.01792,2023-12-11 12:48:58+00:00
40.84656,-74.01795,2023-12-11 12:48:59+00:00
40.84642,-74.01797,2023-12-11 12:49:00+00:00
40.84615,-74.01801,2023-12-11 12:49:02+00:00
40.84588,-74.01805,2023-12-11 12:49:03+00:00
40.84561,-74.01807,2023-12-11 12:49:05+00:00
40.84534,-74.01809,2023-12-11 12:49:07+00:00
40.84507,-74.0181,2023-12-11 12:49:09+00:00
40.84357,-74.01815,2023-12-11 12:49:19+00:00
40.84289,-74.01817,2023-12-11 12:49:23+00:00
40.84276,-74.01818,2023-12-11 12:49:24+00:00
40.84262,-74.01819,2023-12-11 12:49:25+00:00
40.84249,-74.0182,2023-12-11 12:49:26+00:00
40.84236,-74.01822,2023-12-11 12:49:27+00:00
40.84222,-74.01823,2023-12-11 12:49:28+00:00
40.84208,-74.01825,2023-12-11 12:49:29+00:00
40.84195,-74.01828,2023-12-11 12:49:30+00:00
40.84181,-74.0183,2023-12-11 12:49:31+00:00
40.84168,-74.01833,2023-12-11 12:49:31+00:00
40.84155,-74.01836,2023-12-11 12:49:32+00:00
40.84141,-74.01839,2023-12-11 12:49:33+00:00
40.84128,-74.01843,2023-12-11 12:49:34+00:00
40.84115,-74.01846,2023-12-11 12:49:35+00:00
40.84101,-74.0185,2023-12-11 12:49:36+00:00
40.84076,-74.01858,2023-12-11 12:49:38+00:00
40.8405,-74.01868,2023-12-11 12:49:40+00:00
40.84023,-74.01878,2023-12-11 12:49:41+00:00
40.84011,-74.01884,2023-12-11 12:49:42+00:00
40.83996,-74.01891,2023-12-11 12:49:43+00:00
40.83976,-74.019,2023-12-11 12:49:45+00:00
40.83909,-74.01934,2023-12-11 12:49:50+00:00
40.83909,-74.01934,2023-12-11 12:49:50+00:00
40.83851,-74.01967,2023-12-11 12:49:54+00:00
40.83825,-74.01982,2023-12-11 12:49:56+00:00
40.83761,-74.02017,2023-12-11 12:50:00+00:00
40.83639,-74.02082,2023-12-11 12:50:09+00:00
40.83617,-74.02094,2023-12-11 12:50:11+00:00
40.83592,-74.02106,2023-12-11 12:50:12+00:00
40.83568,-74.02118,2023-12-11 12:50:14+00:00
40.83543,-74.0213,2023-12-11 12:50:16+00:00
40.83423,-74.02186,2023-12-11 12:50:24+00:00
40.83411,-74.02192,2023-12-11 12:50:25+00:00
40.83399,-74.02198,2023-12-11 12:50:26+00:00
40.83386,-74.02205,2023-12-11 12:50:27+00:00
40.83371,-74.02213,2023-12-11 12:50:28+00:00
40.83357,-74.02221,2023-12-11 12:50:29+00:00
40.83347,-74.02227,2023-12-11 12:50:30+00:00
40.83337,-74.02234,2023-12-11 12:50:31+00:00
40.83327,-74.02241,2023-12-11 12:50:31+00:00
40.83317,-74.02248,2023-12-11 12:50:32+00:00
40.83308,-74.02255,2023-12-11 12:50:33+00:00
40.83299,-74.02263,2023-12-11 12:50:34+00:00
40.83289,-74.02271,2023-12-11 12:50:34+00:00
40.8328,-74.02279,2023-12-11 12:50:35+00:00
40.83271,-74.02287,2023-12-11 12:50:36+00:00
40.83262,-74.02295,2023-12-11 12:50:37+00:00
40.83253,-74.02304,2023-12-11 12:50:37+00:00
40.83244,-74.02312,2023-12-11 12:50:38+00:00
40.83236,-74.0232,2023-12-11 12:50:39+00:00
40.83228,-74.02328,2023-12-11 12:50:39+00:00
40.83221,-74.02335,2023-12-11 12:50:40+00:00
40.83214,-74.02343,2023-12-11 12:50:41+00:00
40.83206,-74.02351,2023-12-11 12:50:41+00:00
40.83199,-74.02359,2023-12-11 12:50:42+00:00
40.83182,-74.02378,2023-12-11 12:50:43+00:00
40.83167,-74.02395,2023-12-11 12:50:45+00:00
40.8315,-74.02416,2023-12-11 12:50:46+00:00
40.83132,-74.02436,2023-12-11 12:50:48+00:00
40.83069,-74.02506,2023-12-11 12:50:53+00:00
40.82951,-74.02653,2023-12-11 12:51:04+00:00
40.82904,-74.0271,2023-12-11 12:51:08+00:00
40.82844,-74.02785,2023-12-11 12:51:14+00:00
40.82795,-74.02846,2023-12-11 12:51:18+00:00
40.82773,-74.02872,2023-12-11 12:51:20+00:00
40.82773,-74.02872,2023-12-11 12:51:20+00:00
40.82656,-74.03016,2023-12-11 12:51:31+00:00
40.82093,-74.03712,2023-12-11 12:52:22+00:00
40.82071,-74.0374,2023-12-11 12:52:24+00:00
40.82051,-74.0377,2023-12-11 12:52:26+00:00
40.82031,-74.03798,2023-12-11 12:52:28+00:00
40.82011,-74.03829,2023-12-11 12:52:30+00:00
40.81999,-74.03849,2023-12-11 12:52:32+00:00
40.8198,-74.03881,2023-12-11 12:52:34+00:00
40.81963,-74.03912,2023-12-11 12:52:36+00:00
40.81943,-74.0395,2023-12-11 12:52:38+00:00
40.81921,-74.04003,2023-12-11 12:52:41+00:00
40.819,-74.04051,2023-12-11 12:52:44+00:00
40.81876,-74.04112,2023-12-11 12:52:47+00:00
40.81859,-74.04162,2023-12-11 12:52:50+00:00
40.81834,-74.04235,2023-12-11 12:52:54+00:00
40.81816,-74.04291,2023-12-11 12:52:57+00:00
40.81775,-74.04413,2023-12-11 12:53:04+00:00
40.81732,-74.04542,2023-12-11 12:53:11+00:00
40.81699,-74.04641,2023-12-11 12:53:17+00:00
40.81424,-74.05463,2023-12-11 12:54:02+00:00
40.81397,-74.05544,2023-12-11 12:54:06+00:00
40.81379,-74.05592,2023-12-11 12:54:09+00:00
40.81375,-74.05603,2023-12-11 12:54:10+00:00
40.81375,-74.05603,2023-12-11 12:54:10+00:00
40.81355,-74.05652,2023-12-11 12:54:13+00:00
40.81342,-74.05685,2023-12-11 12:54:14+00:00
40.81322,-74.0573,2023-12-11 12:54:17+00:00
40.81302,-74.05776,2023-12-11 12:54:20+00:00
40.81294,-74.05793,2023-12-11 12:54:21+00:00
40.81285,-74.05812,2023-12-11 12:54:22+00:00
40.81241,-74.05893,2023-12-11 12:54:27+00:00
40.812,-74.05967,2023-12-11 12:54:32+00:00
40.8119,-74.05986,2023-12-11 12:54:33+00:00
40.81181,-74.06001,2023-12-11 12:54:34+00:00
40.8117,-74.06021,2023-12-11 12:54:35+00:00
40.81131,-74.06087,2023-12-11 12:54:39+00:00
40.81109,-74.06126,2023-12-11 12:54:42+00:00
40.81096,-74.06146,2023-12-11 12:54:43+00:00
40.81084,-74.06166,2023-12-11 12:54:44+00:00
40.81064,-74.06195,2023-12-11 12:54:46+00:00
40.81042,-74.06227,2023-12-11 12:54:48+00:00
40.81014,-74.06262,2023-12-11 12:54:51+00:00
40.81009,-74.0627,2023-12-11 12:54:52+00:00
40.80986,-74.06305,2023-12-11 12:54:54+00:00
40.80978,-74.06319,2023-12-11 12:54:55+00:00
40.80945,-74.06367,2023-12-11 12:54:58+00:00
40.80903,-74.06428,2023-12-11 12:55:02+00:00
40.80844,-74.06512,2023-12-11 12:55:08+00:00
40.80791,-74.06585,2023-12-11 12:55:13+00:00
40.80731,-74.06664,2023-12-11 12:55:19+00:00
40.80668,-74.06742,2023-12-11 12:55:24+00:00
40.80599,-74.06829,2023-12-11 12:55:31+00:00
40.8049,-74.06965,2023-12-11 12:55:41+00:00
40.80433,-74.07035,2023-12-11 12:55:46+00:00
40.80399,-74.07079,2023-12-11 12:55:49+00:00
40.80372,-74.07113,2023-12-11 12:55:52+00:00
40.80356,-74.07133,2023-12-11 12:55:53+00:00
40.80336,-74.07158,2023-12-11 12:55:55+00:00
40.80277,-74.07232,2023-12-11 12:56:00+00:00
40.80234,-74.07284,2023-12-11 12:56:04+00:00
40.80234,-74.07284,2023-12-11 12:56:04+00:00
40.80135,-74.07407,2023-12-11 12:56:13+00:00
40.8007,-74.07488,2023-12-11 12:56:19+00:00
40.79941,-74.07654,2023-12-11 12:56:31+00:00
40.7988,-74.07733,2023-12-11 12:56:37+00:00
40.79574,-74.08111,2023-12-11 12:57:05+00:00
40.79331,-74.08417,2023-12-11 12:57:27+00:00
40.79284,-74.08476,2023-12-11 12:57:32+00:00
40.79219,-74.08554,2023-12-11 12:57:38+00:00
40.79184,-74.08597,2023-12-11 12:57:41+00:00
40.79134,-74.08652,2023-12-11 12:57:45+00:00
40.7908,-74.08713,2023-12-11 12:57:50+00:00
40.79007,-74.08792,2023-12-11 12:57:56+00:00
40.78802,-74.09009,2023-12-11 12:58:14+00:00
40.78758,-74.09056,2023-12-11 12:58:17+00:00
40.78643,-74.09177,2023-12-11 12:58:27+00:00
40.78523,-74.09305,2023-12-11 12:58:38+00:00
40.78478,-74.09352,2023-12-11 12:58:41+00:00
40.78427,-74.09406,2023-12-11 12:58:46+00:00
40.78405,-74.09429,2023-12-11 12:58:48+00:00
40.78317,-74.09522,2023-12-11 12:58:55+00:00
40.78256,-74.09582,2023-12-11 12:59:00+00:00
40.78169,-74.09662,2023-12-11 12:59:07+00:00
40.78089,-74.09732,2023-12-11 12:59:14+00:00
40.77985,-74.09822,2023-12-11 12:59:22+00:00
40.77933,-74.0987,2023-12-11 12:59:26+00:00
40.77875,-74.0992,2023-12-11 12:59:31+00:00
40.77767,-74.10013,2023-12-11 12:59:39+00:00
40.77621,-74.10141,2023-12-11 12:59:51+00:00
40.77551,-74.10203,2023-12-11 12:59:57+00:00
40.77523,-74.10227,2023-12-11 12:59:59+00:00
40.77504,-74.10244,2023-12-11 13:00:01+00:00
40.77061,-74.10631,2023-12-11 13:00:36+00:00
40.76891,-74.10779,2023-12-11 13:00:50+00:00
40.76495,-74.11126,2023-12-11 13:01:21+00:00
40.76242,-74.11346,2023-12-11 13:01:41+00:00
40.76225,-74.11361,2023-12-11 13:01:43+00:00
40.76208,-74.11378,2023-12-11 13:01:44+00:00
40.76152,-74.11425,2023-12-11 13:01:49+00:00
40.76055,-74.11503,2023-12-11 13:01:56+00:00
40.76011,-74.11534,2023-12-11 13:02:00+00:00
40.75977,-74.11559,2023-12-11 13:02:02+00:00
40.75975,-74.11561,2023-12-11 13:02:02+00:00
40.75895,-74.11613,2023-12-11 13:02:08+00:00
40.75876,-74.11624,2023-12-11 13:02:10+00:00
40.7585,-74.11639,2023-12-11 13:02:12+00:00
40.75824,-74.11654,2023-12-11 13:02:13+00:00
40.75802,-74.11666,2023-12-11 13:02:15+00:00
40.75745,-74.11696,2023-12-11 13:02:19+00:00
40.75745,-74.11696,2023-12-11 13:02:19+00:00
40.75699,-74.11718,2023-12-11 13:02:22+00:00
40.75656,-74.11737,2023-12-11 13:02:25+00:00
40.75618,-74.11753,2023-12-11 13:02:28+00:00
40.75535,-74.11786,2023-12-11 13:02:34+00:00
40.75493,-74.11803,2023-12-11 13:02:37+00:00
40.75317,-74.11873,2023-12-11 13:02:49+00:00
40.75128,-74.11949,2023-12-11 13:03:02+00:00
40.74845,-74.12062,2023-12-11 13:03:22+00:00
40.74659,-74.12136,2023-12-11 13:03:35+00:00
40.74554,-74.12178,2023-12-11 13:03:42+00:00
40.74473,-74.12209,2023-12-11 13:03:48+00:00
40.74405,-74.12234,2023-12-11 13:03:53+00:00
40.74101,-74.12336,2023-12-11 13:04:14+00:00
40.7405,-74.12353,2023-12-11 13:04:17+00:00
40.74005,-74.12366,2023-12-11 13:04:20+00:00
40.73961,-74.12376,2023-12-11 13:04:23+00:00
40.7392,-74.12384,2023-12-11 13:04:26+00:00
40.73879,-74.1239,2023-12-11 13:04:29+00:00
40.73598,-74.12413,2023-12-11 13:04:47+00:00
40.73562,-74.12417,2023-12-11 13:04:50+00:00
40.73527,-74.12421,2023-12-11 13:04:52+00:00
40.7349,-74.12428,2023-12-11 13:04:55+00:00
40.73457,-74.12436,2023-12-11 13:04:57+00:00
40.73429,-74.12444,2023-12-11 13:04:59+00:00
40.73395,-74.12456,2023-12-11 13:05:01+00:00
40.73364,-74.12469,2023-12-11 13:05:03+00:00
40.73335,-74.12483,2023-12-11 13:05:05+00:00
40.73333,-74.12484,2023-12-11 13:05:06+00:00
40.73309,-74.12497,2023-12-11 13:05:07+00:00
40.73296,-74.12504,2023-12-11 13:05:08+00:00
40.73259,-74.12527,2023-12-11 13:05:11+00:00
40.73222,-74.12553,2023-12-11 13:05:14+00:00
40.73222,-74.12553,2023-12-11 13:05:14+00:00
40.7319,-74.12579,2023-12-11 13:05:16+00:00
40.73157,-74.12607,2023-12-11 13:05:19+00:00
40.73122,-74.1264,2023-12-11 13:05:22+00:00
40.73087,-74.12678,2023-12-11 13:05:25+00:00
40.72714,-74.13103,2023-12-11 13:05:58+00:00
40.72692,-74.13128,2023-12-11 13:06:00+00:00
40.7267,-74.13151,2023-12-11 13:06:01+00:00
40.72646,-74.13177,2023-12-11 13:06:03+00:00
40.72619,-74.13204,2023-12-11 13:06:06+00:00
40.72588,-74.13233,2023-12-11 13:06:08+00:00
40.7256,-74.13258,2023-12-11 13:06:11+00:00
40.72548,-74.13269,2023-12-11 13:06:12+00:00
40.72521,-74.13292,2023-12-11 13:06:14+00:00
40.72493,-74.13314,2023-12-11 13:06:16+00:00
40.7246,-74.1334,2023-12-11 13:06:18+00:00
40.72434,-74.1336,2023-12-11 13:06:20+00:00
40.72409,-74.13377,2023-12-11 13:06:22+00:00
40.72383,-74.13394,2023-12-11 13:06:24+00:00
40.72358,-74.1341,2023-12-11 13:06:26+00:00
40.72358,-74.1341,2023-12-11 13:06:26+00:00
40.72331,-74.13425,2023-12-11 13:06:28+00:00
40.72303,-74.1344,2023-12-11 13:06:30+00:00
40.72274,-74.13452,2023-12-11 13:06:32+00:00
40.72234,-74.13466,2023-12-11 13:06:35+00:00
40.72234,-74.13466,2023-12-11 13:06:35+00:00
40.72168,-74.13485,2023-12-11 13:06:39+00:00
40.7208,-74.13507,2023-12-11 13:06:45+00:00
40.71968,-74.13534,2023-12-11 13:06:53+00:00
40.71938,-74.13543,2023-12-11 13:06:55+00:00
40.71905,-74.13555,2023-12-11 13:06:57+00:00
40.71872,-74.13568,2023-12-11 13:07:00+00:00
40.71845,-74.1358,2023-12-11 13:07:01+00:00
40.71816,-74.13595,2023-12-11 13:07:04+00:00
40.71785,-74.13613,2023-12-11 13:07:06+00:00
40.71752,-74.13633,2023-12-11 13:07:08+00:00
40.7172,-74.13657,2023-12-11 13:07:11+00:00
40.71684,-74.13685,2023-12-11 13:07:13+00:00
40.71654,-74.13712,2023-12-11 13:07:16+00:00
40.71621,-74.13743,2023-12-11 13:07:19+00:00
40.71589,-74.13777,2023-12-11 13:07:21+00:00
40.71557,-74.13814,2023-12-11 13:07:24+00:00
40.71541,-74.13833,2023-12-11 13:07:26+00:00
40.71524,-74.13855,2023-12-11 13:07:27+00:00
40.715,-74.13887,2023-12-11 13:07:29+00:00
40.71475,-74.13924,2023-12-11 13:07:32+00:00
40.71449,-74.13968,2023-12-11 13:07:35+00:00
40.71426,-74.14011,2023-12-11 13:07:37+00:00
40.71405,-74.14051,2023-12-11 13:07:40+00:00
40.7138,-74.14104,2023-12-11 13:07:43+00:00
40.71358,-74.14154,2023-12-11 13:07:46+00:00
40.71333,-74.14215,2023-12-11 13:07:49+00:00
40.71214,-74.14526,2023-12-11 13:08:07+00:00
40.71187,-74.14594,2023-12-11 13:08:11+00:00
40.7117,-74.14632,2023-12-11 13:08:13+00:00
40.71145,-74.14684,2023-12-11 13:08:16+00:00
40.7112,-74.14731,2023-12-11 13:08:19+00:00
40.71094,-74.14777,2023-12-11 13:08:22+00:00
40.71066,-74.14822,2023-12-11 13:08:25+00:00
40.71033,-74.14872,2023-12-11 13:08:28+00:00
40.70998,-74.14919,2023-12-11 13:08:32+00:00
40.70967,-74.14957,2023-12-11 13:08:35+00:00
40.7094,-74.14989,2023-12-11 13:08:37+00:00
40.70913,-74.15018,2023-12-11 13:08:39+00:00
40.70891,-74.15043,2023-12-11 13:08:41+00:00
40.70865,-74.15068,2023-12-11 13:08:43+00:00
40.70844,-74.15087,2023-12-11 13:08:45+00:00
40.70821,-74.15106,2023-12-11 13:08:47+00:00
40.70798,-74.15125,2023-12-11 13:08:49+00:00
40.70775,-74.15143,2023-12-11 13:08:51+00:00
40.70763,-74.15152,2023-12-11 13:08:51+00:00
40.70751,-74.1516,2023-12-11 13:08:52+00:00
40.70726,-74.15177,2023-12-11 13:08:54+00:00
40.70701,-74.15193,2023-12-11 13:08:56+00:00
40.70677,-74.15207,2023-12-11 13:08:58+00:00
40.70641,-74.15227,2023-12-11 13:09:00+00:00
40.70228,-74.15451,2023-12-11 13:09:30+00:00
40.70193,-74.15469,2023-12-11 13:09:33+00:00
40.70155,-74.1549,2023-12-11 13:09:35+00:00
40.7012,-74.1551,2023-12-11 13:09:38+00:00
40.70081,-74.15533,2023-12-11 13:09:41+00:00
40.70045,-74.15555,2023-12-11 13:09:44+00:00
40.70009,-74.15578,2023-12-11 13:09:46+00:00
40.69974,-74.15601,2023-12-11 13:09:49+00:00
40.69938,-74.15626,2023-12-11 13:09:52+00:00
40.69903,-74.1565,2023-12-11 13:09:54+00:00
40.69866,-74.15676,2023-12-11 13:09:57+00:00
40.69451,-74.15966,2023-12-11 13:10:28+00:00
40.69375,-74.16019,2023-12-11 13:10:34+00:00
40.69375,-74.16019,2023-12-11 13:10:34+00:00
40.69375,-74.16019,2023-12-11 13:10:34+00:00
40.69329,-74.16051,2023-12-11 13:10:37+00:00
40.69263,-74.16095,2023-12-11 13:10:42+00:00
40.69078,-74.16226,2023-12-11 13:10:56+00:00
40.68997,-74.16284,2023-12-11 13:11:03+00:00
40.68967,-74.16305,2023-12-11 13:11:05+00:00
40.688,-74.16421,2023-12-11 13:11:17+00:00
40.68738,-74.16464,2023-12-11 13:11:22+00:00
40.68727,-74.16472,2023-12-11 13:11:23+00:00
40.68702,-74.16489,2023-12-11 13:11:25+00:00
40.68678,-74.16506,2023-12-11 13:11:27+00:00
40.68311,-74.16759,2023-12-11 13:11:54+00:00
40.68164,-74.16861,2023-12-11 13:12:05+00:00
40.68063,-74.1693,2023-12-11 13:12:13+00:00
40.67855,-74.17073,2023-12-11 13:12:29+00:00
40.67785,-74.17122,2023-12-11 13:12:34+00:00
40.67707,-74.17181,2023-12-11 13:12:40+00:00
40.67636,-74.17236,2023-12-11 13:12:45+00:00
40.67571,-74.17289,2023-12-11 13:12:50+00:00
40.67507,-74.17344,2023-12-11 13:12:56+00:00
40.67449,-74.17395,2023-12-11 13:13:00+00:00
40.67392,-74.17448,2023-12-11 13:13:05+00:00
40.67323,-74.17513,2023-12-11 13:13:11+00:00
40.67258,-74.17578,2023-12-11 13:13:16+00:00
40.67108,-74.17726,2023-12-11 13:13:28+00:00
40.67108,-74.17726,2023-12-11 13:13:28+00:00
40.66859,-74.17975,2023-12-11 13:13:49+00:00
40.66782,-74.18052,2023-12-11 13:13:56+00:00
40.6676,-74.18073,2023-12-11 13:13:58+00:00
40.66738,-74.18095,2023-12-11 13:13:59+00:00
40.66715,-74.18116,2023-12-11 13:14:01+00:00
40.66693,-74.18137,2023-12-11 13:14:03+00:00
40.66671,-74.18157,2023-12-11 13:14:05+00:00
40.66648,-74.18178,2023-12-11 13:14:07+00:00
40.66608,-74.1821,2023-12-11 13:14:10+00:00
40.66548,-74.18261,2023-12-11 13:14:15+00:00
40.66539,-74.18269,2023-12-11 13:14:15+00:00
40.66503,-74.18299,2023-12-11 13:14:18+00:00
40.66456,-74.18334,2023-12-11 13:14:22+00:00
40.66413,-74.18366,2023-12-11 13:14:25+00:00
40.66356,-74.18407,2023-12-11 13:14:29+00:00
40.663,-74.18446,2023-12-11 13:14:34+00:00
40.66151,-74.18542,2023-12-11 13:14:45+00:00
40.66136,-74.18552,2023-12-11 13:14:46+00:00
40.6609,-74.18582,2023-12-11 13:14:49+00:00
40.65973,-74.18658,2023-12-11 13:14:58+00:00
40.65865,-74.18727,2023-12-11 13:15:06+00:00
40.65795,-74.18772,2023-12-11 13:15:11+00:00
40.65769,-74.18789,2023-12-11 13:15:13+00:00
40.6575,-74.18802,2023-12-11 13:15:15+00:00
40.6573,-74.18818,2023-12-11 13:15:16+00:00
40.65711,-74.18833,2023-12-11 13:15:18+00:00
40.65682,-74.18859,2023-12-11 13:15:20+00:00
40.6565,-74.18889,2023-12-11 13:15:23+00:00
40.65621,-74.18919,2023-12-11 13:15:25+00:00
40.65594,-74.1895,2023-12-11 13:15:27+00:00
40.65567,-74.18984,2023-12-11 13:15:30+00:00
40.65543,-74.19016,2023-12-11 13:15:32+00:00
40.65516,-74.19055,2023-12-11 13:15:35+00:00
40.65492,-74.19093,2023-12-11 13:15:37+00:00
40.65468,-74.19134,2023-12-11 13:15:40+00:00
40.65451,-74.19166,2023-12-11 13:15:42+00:00
40.65424,-74.19214,2023-12-11 13:15:45+00:00
40.65405,-74.1925,2023-12-11 13:15:47+00:00
40.65383,-74.19289,2023-12-11 13:15:50+00:00
40.65363,-74.19327,2023-12-11 13:15:52+00:00
40.65342,-74.19365,2023-12-11 13:15:54+00:00
40.65321,-74.19404,2023-12-11 13:15:57+00:00
40.65301,-74.1944,2023-12-11 13:15:59+00:00
40.65279,-74.1948,2023-12-11 13:16:02+00:00
40.65259,-74.19516,2023-12-11 13:16:04+00:00
40.65237,-74.19557,2023-12-11 13:16:06+00:00
40.65218,-74.19591,2023-12-11 13:16:08+00:00
40.65193,-74.19638,2023-12-11 13:16:11+00:00
40.65168,-74.19683,2023-12-11 13:16:14+00:00
40.65144,-74.19727,2023-12-11 13:16:17+00:00
40.65049,-74.19902,2023-12-11 13:16:28+00:00
40.65027,-74.1994,2023-12-11 13:16:30+00:00
40.65003,-74.1998,2023-12-11 13:16:33+00:00
40.64978,-74.20019,2023-12-11 13:16:35+00:00
40.64951,-74.20057,2023-12-11 13:16:38+00:00
40.64925,-74.20093,2023-12-11 13:16:41+00:00
40.64893,-74.20132,2023-12-11 13:16:43+00:00
40.64877,-74.20149,2023-12-11 13:16:45+00:00
40.64841,-74.20189,2023-12-11 13:16:48+00:00
40.64841,-74.20189,2023-12-11 13:16:48+00:00
40.64824,-74.20206,2023-12-11 13:16:49+00:00
40.64794,-74.20236,2023-12-11 13:16:52+00:00
40.64763,-74.20264,2023-12-11 13:16:54+00:00
40.64728,-74.20293,2023-12-11 13:16:57+00:00
40.64693,-74.2032,2023-12-11 13:17:00+00:00
40.64657,-74.20346,2023-12-11 13:17:03+00:00
40.64619,-74.20371,2023-12-11 13:17:05+00:00
40.6458,-74.20393,2023-12-11 13:17:08+00:00
40.6457,-74.20399,2023-12-11 13:17:09+00:00
40.64542,-74.20413,2023-12-11 13:17:11+00:00
40.64415,-74.20481,2023-12-11 13:17:20+00:00
40.64273,-74.20551,2023-12-11 13:17:30+00:00
40.64225,-74.20576,2023-12-11 13:17:34+00:00
40.64176,-74.20603,2023-12-11 13:17:37+00:00
40.64109,-74.20643,2023-12-11 13:17:42+00:00
40.64048,-74.2068,2023-12-11 13:17:47+00:00
40.63986,-74.20719,2023-12-11 13:17:51+00:00
40.63848,-74.20811,2023-12-11 13:18:02+00:00
40.63795,-74.20845,2023-12-11 13:18:05+00:00
40.63731,-74.20886,2023-12-11 13:18:10+00:00
40.63688,-74.20913,2023-12-11 13:18:13+00:00
40.63615,-74.20957,2023-12-11 13:18:19+00:00
40.63476,-74.21038,2023-12-11 13:18:29+00:00
40.63392,-74.21089,2023-12-11 13:18:35+00:00
40.63222,-74.21189,2023-12-11 13:18:48+00:00
40.63129,-74.21244,2023-12-11 13:18:54+00:00
40.63018,-74.21315,2023-12-11 13:19:03+00:00
40.62916,-74.21378,2023-12-11 13:19:10+00:00
40.62857,-74.21416,2023-12-11 13:19:14+00:00
40.62767,-74.21473,2023-12-11 13:19:21+00:00
40.62594,-74.2158,2023-12-11 13:19:34+00:00
40.62314,-74.2175,2023-12-11 13:19:54+00:00
40.6168,-74.22133,2023-12-11 13:20:41+00:00
40.6167,-74.22139,2023-12-11 13:20:42+00:00
40.61165,-74.22446,2023-12-11 13:21:19+00:00
40.60829,-74.22649,2023-12-11 13:21:43+00:00
40.60788,-74.22674,2023-12-11 13:21:46+00:00
40.60526,-74.22833,2023-12-11 13:22:06+00:00
40.60375,-74.22926,2023-12-11 13:22:17+00:00
40.6032,-74.22961,2023-12-11 13:22:21+00:00
40.60267,-74.22998,2023-12-11 13:22:25+00:00
40.6023,-74.23024,2023-12-11 13:22:28+00:00
40.60194,-74.23051,2023-12-11 13:22:30+00:00
40.60175,-74.23066,2023-12-11 13:22:32+00:00
40.60107,-74.23119,2023-12-11 13:22:37+00:00
40.60059,-74.23156,2023-12-11 13:22:41+00:00
40.59982,-74.23217,2023-12-11 13:22:47+00:00
40.59982,-74.23217,2023-12-11 13:22:47+00:00
40.59862,-74.2332,2023-12-11 13:22:56+00:00
40.59847,-74.23331,2023-12-11 13:22:58+00:00
40.59835,-74.23342,2023-12-11 13:22:59+00:00
40.59824,-74.23354,2023-12-11 13:23:00+00:00
40.59814,-74.23365,2023-12-11 13:23:00+00:00
40.59805,-74.23378,2023-12-11 13:23:01+00:00
40.59797,-74.23392,2023-12-11 13:23:02+00:00
40.5979,-74.23408,2023-12-11 13:23:03+00:00
40.59756,-74.23491,2023-12-11 13:23:08+00:00
40.59744,-74.23521,2023-12-11 13:23:10+00:00
40.59737,-74.23535,2023-12-11 13:23:10+00:00
40.59728,-74.23548,2023-12-11 13:23:11+00:00
40.59719,-74.23559,2023-12-11 13:23:12+00:00
40.59708,-74.2357,2023-12-11 13:23:13+00:00
40.59697,-74.23578,2023-12-11 13:23:14+00:00
40.59684,-74.23584,2023-12-11 13:23:15+00:00
40.59671,-74.23587,2023-12-11 13:23:16+00:00
40.59658,-74.23588,2023-12-11 13:23:17+00:00
40.59644,-74.23586,2023-12-11 13:23:18+00:00
40.5963,-74.23583,2023-12-11 13:23:19+00:00
40.59616,-74.23578,2023-12-11 13:23:19+00:00
40.59603,-74.23572,2023-12-11 13:23:20+00:00
40.5959,-74.23564,2023-12-11 13:23:21+00:00
40.59579,-74.23554,2023-12-11 13:23:22+00:00
40.59567,-74.23543,2023-12-11 13:23:23+00:00
40.59557,-74.23529,2023-12-11 13:23:24+00:00
40.59547,-74.23514,2023-12-11 13:23:25+00:00
40.59539,-74.23497,2023-12-11 13:23:26+00:00
40.59531,-74.23478,2023-12-11 13:23:27+00:00
40.5948,-74.23337,2023-12-11 13:23:35+00:00
40.59467,-74.23302,2023-12-11 13:23:37+00:00
40.59456,-74.23276,2023-12-11 13:23:39+00:00
40.59446,-74.23254,2023-12-11 13:23:40+00:00
40.59435,-74.23232,2023-12-11 13:23:41+00:00
40.59421,-74.23207,2023-12-11 13:23:43+00:00
40.59404,-74.23183,2023-12-11 13:23:45+00:00
40.59367,-74.23131,2023-12-11 13:23:48+00:00
40.59346,-74.23091,2023-12-11 13:23:51+00:00
40.59343,-74.23085,2023-12-11 13:23:51+00:00
40.5934,-74.23079,2023-12-11 13:23:51+00:00
40.59332,-74.23064,2023-12-11 13:23:52+00:00
40.59328,-74.23056,2023-12-11 13:23:53+00:00
40.59325,-74.23048,2023-12-11 13:23:53+00:00
40.5932,-74.23037,2023-12-11 13:23:54+00:00
40.59307,-74.22999,2023-12-11 13:23:56+00:00
40.59292,-74.22954,2023-12-11 13:23:59+00:00
40.59285,-74.2294,2023-12-11 13:23:59+00:00
40.59279,-74.22928,2023-12-11 13:24:00+00:00
40.59274,-74.22915,2023-12-11 13:24:01+00:00
40.5927,-74.22902,2023-12-11 13:24:02+00:00
40.59267,-74.22889,2023-12-11 13:24:02+00:00
40.59265,-74.22876,2023-12-11 13:24:03+00:00
40.59264,-74.22864,2023-12-11 13:24:04+00:00
40.59263,-74.22853,2023-12-11 13:24:04+00:00
40.59264,-74.2284,2023-12-11 13:24:05+00:00
40.59266,-74.22769,2023-12-11 13:24:08+00:00
40.59268,-74.22732,2023-12-11 13:24:10+00:00
40.59267,-74.22719,2023-12-11 13:24:11+00:00
40.59266,-74.22707,2023-12-11 13:24:11+00:00
40.59265,-74.22698,2023-12-11 13:24:12+00:00
40.59264,-74.22689,2023-12-11 13:24:12+00:00
40.59262,-74.22679,2023-12-11 13:24:13+00:00
40.59258,-74.22666,2023-12-11 13:24:14+00:00
40.59262,-74.22638,2023-12-11 13:24:15+00:00
40.59262,-74.22638,2023-12-11 13:24:15+00:00
40.59255,-74.22608,2023-12-11 13:24:17+00:00
40.59252,-74.22598,2023-12-11 13:24:17+00:00
40.59248,-74.22587,2023-12-11 13:24:18+00:00
40.59244,-74.22576,2023-12-11 13:24:18+00:00
40.59237,-74.22562,2023-12-11 13:24:19+00:00
40.5923,-74.22545,2023-12-11 13:24:20+00:00
40.59223,-74.22529,2023-12-11 13:24:21+00:00
40.5919,-74.22457,2023-12-11 13:24:25+00:00
40.59075,-74.22206,2023-12-11 13:24:40+00:00
40.58888,-74.2179,2023-12-11 13:25:05+00:00
40.58867,-74.21745,2023-12-11 13:25:07+00:00
40.58855,-74.21719,2023-12-11 13:25:09+00:00
40.5885,-74.21705,2023-12-11 13:25:10+00:00
40.58815,-74.21627,2023-12-11 13:25:14+00:00
40.58779,-74.21566,2023-12-11 13:25:18+00:00
40.5875,-74.2153,2023-12-11 13:25:21+00:00
40.58718,-74.21505,2023-12-11 13:25:23+00:00
40.58682,-74.21483,2023-12-11 13:25:26+00:00
40.58645,-74.21465,2023-12-11 13:25:29+00:00
40.58603,-74.21462,2023-12-11 13:25:32+00:00
40.58562,-74.21465,2023-12-11 13:25:34+00:00
40.58526,-74.21477,2023-12-11 13:25:37+00:00
40.58445,-74.2152,2023-12-11 13:25:43+00:00
40.5842,-74.21534,2023-12-11 13:25:44+00:00
40.58401,-74.21544,2023-12-11 13:25:46+00:00
40.58391,-74.21549,2023-12-11 13:25:46+00:00
40.58347,-74.21573,2023-12-11 13:25:50+00:00
40.58311,-74.21593,2023-12-11 13:25:52+00:00
40.58278,-74.21609,2023-12-11 13:25:55+00:00
40.58251,-74.21623,2023-12-11 13:25:57+00:00
40.58179,-74.21655,2023-12-11 13:26:02+00:00
40.58159,-74.21664,2023-12-11 13:26:03+00:00
40.58143,-74.2167,2023-12-11 13:26:04+00:00
40.58126,-74.21676,2023-12-11 13:26:05+00:00
40.58116,-74.21679,2023-12-11 13:26:06+00:00
40.58079,-74.21687,2023-12-11 13:26:08+00:00
40.57879,-74.21729,2023-12-11 13:26:22+00:00
40.57847,-74.21734,2023-12-11 13:26:24+00:00
40.57824,-74.21736,2023-12-11 13:26:26+00:00
40.57797,-74.21734,2023-12-11 13:26:28+00:00
40.57699,-74.21707,2023-12-11 13:26:34+00:00
40.57641,-74.21693,2023-12-11 13:26:38+00:00
40.57608,-74.21689,2023-12-11 13:26:40+00:00
40.57574,-74.21693,2023-12-11 13:26:43+00:00
40.57551,-74.21699,2023-12-11 13:26:44+00:00
40.57543,-74.21701,2023-12-11 13:26:45+00:00
40.57529,-74.21704,2023-12-11 13:26:46+00:00
40.57498,-74.21725,2023-12-11 13:26:48+00:00
40.57426,-74.21773,2023-12-11 13:26:53+00:00
40.57316,-74.21856,2023-12-11 13:27:02+00:00
40.57305,-74.21864,2023-12-11 13:27:03+00:00
40.57267,-74.21893,2023-12-11 13:27:06+00:00
40.57199,-74.21946,2023-12-11 13:27:11+00:00
40.57165,-74.21972,2023-12-11 13:27:13+00:00
40.57165,-74.21972,2023-12-11 13:27:13+00:00
40.57165,-74.21972,2023-12-11 13:27:13+00:00
40.57158,-74.21977,2023-12-11 13:27:14+00:00
40.57151,-74.21982,2023-12-11 13:27:15+00:00
40.57108,-74.22013,2023-12-11 13:27:18+00:00
40.57105,-74.22015,2023-12-11 13:27:18+00:00
40.57067,-74.22045,2023-12-11 13:27:21+00:00
40.57056,-74.22049,2023-12-11 13:27:22+00:00
40.57043,-74.22054,2023-12-11 13:27:23+00:00
40.57002,-74.2206,2023-12-11 13:27:25+00:00
40.56978,-74.22064,2023-12-11 13:27:27+00:00
40.56952,-74.22067,2023-12-11 13:27:29+00:00
40.56875,-74.22076,2023-12-11 13:27:34+00:00
40.56836,-74.22083,2023-12-11 13:27:37+00:00
40.56794,-74.22102,2023-12-11 13:27:40+00:00
40.5676,-74.22118,2023-12-11 13:27:42+00:00
40.56721,-74.22136,2023-12-11 13:27:45+00:00
40.56659,-74.22164,2023-12-11 13:27:49+00:00
40.56652,-74.22168,2023-12-11 13:27:50+00:00
40.56617,-74.22187,2023-12-11 13:27:52+00:00
40.56567,-74.22223,2023-12-11 13:27:56+00:00
40.56534,-74.22258,2023-12-11 13:27:59+00:00
40.56524,-74.22269,2023-12-11 13:28:00+00:00
40.56512,-74.22282,2023-12-11 13:28:01+00:00
40.56479,-74.22338,2023-12-11 13:28:04+00:00
40.56465,-74.22371,2023-12-11 13:28:06+00:00
40.56451,-74.22407,2023-12-11 13:28:08+00:00
40.56441,-74.2245,2023-12-11 13:28:10+00:00
40.56439,-74.2246,2023-12-11 13:28:11+00:00
40.56435,-74.22478,2023-12-11 13:28:12+00:00
40.56426,-74.22583,2023-12-11 13:28:17+00:00
40.56426,-74.22586,2023-12-11 13:28:17+00:00
40.56421,-74.22629,2023-12-11 13:28:20+00:00
40.56413,-74.22715,2023-12-11 13:28:24+00:00
40.56411,-74.22738,2023-12-11 13:28:25+00:00
40.56408,-74.22763,2023-12-11 13:28:27+00:00
40.56405,-74.22781,2023-12-11 13:28:27+00:00
40.56404,-74.22798,2023-12-11 13:28:28+00:00
40.56404,-74.22815,2023-12-11 13:28:29+00:00
40.56408,-74.22849,2023-12-11 13:28:31+00:00
40.56417,-74.22887,2023-12-11 13:28:33+00:00
40.5643,-74.2292,2023-12-11 13:28:35+00:00
40.56465,-74.23004,2023-12-11 13:28:40+00:00
40.56466,-74.23007,2023-12-11 13:28:40+00:00
40.56474,-74.23044,2023-12-11 13:28:42+00:00
40.56478,-74.23064,2023-12-11 13:28:43+00:00
40.56486,-74.23143,2023-12-11 13:28:47+00:00
40.56491,-74.23181,2023-12-11 13:28:49+00:00
40.56506,-74.23298,2023-12-11 13:28:55+00:00
40.56505,-74.2332,2023-12-11 13:28:56+00:00
40.56505,-74.2332,2023-12-11 13:28:56+00:00
40.56528,-74.23327,2023-12-11 13:28:58+00:00
40.56552,-74.23326,2023-12-11 13:28:59+00:00
40.56563,-74.23318,2023-12-11 13:29:00+00:00
40.56565,-74.23316,2023-12-11 13:29:00+00:00
40.56565,-74.23316,2023-12-11 13:29:00+00:00
40.56565,-74.23316,2023-12-11 13:29:00+00:00
40.56585,-74.23303,2023-12-11 13:29:02+00:00
40.56715,-74.23337,2023-12-11 13:29:10+00:00
40.56783,-74.23359,2023-12-11 13:29:15+00:00
40.56807,-74.23365,2023-12-11 13:29:17+00:00
40.56807,-74.23365,2023-12-11 13:29:17+00:00
40.56847,-74.23117,2023-12-11 13:29:30+00:00
40.56857,-74.23098,2023-12-11 13:29:31+00:00
40.56857,-74.23098,2023-12-11 13:29:31+00:00
40.56862,-74.23122,2023-12-11 13:29:32+00:00
40.56823,-74.23369,2023-12-11 13:29:45+00:00
40.56807,-74.23365,2023-12-11 13:29:46+00:00
40.56783,-74.23359,2023-12-11 13:29:48+00:00
40.56715,-74.23337,2023-12-11 13:29:52+00:00
40.56665,-74.23324,2023-12-11 13:29:56+00:00
40.56665,-74.23324,2023-12-11 13:29:56+00:00
40.56665,-74.23324,2023-12-11 13:29:56+00:00
40.56585,-74.23303,2023-12-11 13:30:01+00:00
40.56563,-74.23318,2023-12-11 13:30:03+00:00
40.56552,-74.23326,2023-12-11 13:30:04+00:00
40.56528,-74.23327,2023-12-11 13:30:05+00:00
40.56505,-74.2332,2023-12-11 13:30:07+00:00
40.56505,-74.2332,2023-12-11 13:30:07+00:00
40.56505,-74.23336,2023-12-11 13:30:08+00:00
40.56503,-74.23353,2023-12-11 13:30:08+00:00
40.56499,-74.23375,2023-12-11 13:30:10+00:00
40.56485,-74.23425,2023-12-11 13:30:12+00:00
40.56478,-74.23453,2023-12-11 13:30:14+00:00
40.56469,-74.2349,2023-12-11 13:30:16+00:00
40.56465,-74.23511,2023-12-11 13:30:17+00:00
40.56459,-74.23541,2023-12-11 13:30:18+00:00
40.56457,-74.23568,2023-12-11 13:30:20+00:00
40.56457,-74.23589,2023-12-11 13:30:21+00:00
40.56468,-74.23666,2023-12-11 13:30:25+00:00
40.56472,-74.23693,2023-12-11 13:30:26+00:00
40.56477,-74.23724,2023-12-11 13:30:28+00:00
40.5649,-74.23806,2023-12-11 13:30:32+00:00
40.56496,-74.23841,2023-12-11 13:30:34+00:00
40.56515,-74.23948,2023-12-11 13:30:39+00:00
40.56515,-74.23948,2023-12-11 13:30:39+00:00
40.56515,-74.23948,2023-12-11 13:30:39+00:00
40.56516,-74.23953,2023-12-11 13:30:40+00:00
40.5652,-74.23975,2023-12-11 13:30:41+00:00
40.56526,-74.24013,2023-12-11 13:30:43+00:00
40.56529,-74.24026,2023-12-11 13:30:44+00:00
40.56548,-74.24122,2023-12-11 13:30:49+00:00
40.56555,-74.24157,2023-12-11 13:30:50+00:00
40.56562,-74.24181,2023-12-11 13:30:52+00:00
40.56569,-74.24202,2023-12-11 13:30:53+00:00
40.56583,-74.24229,2023-12-11 13:30:54+00:00
40.56598,-74.2425,2023-12-11 13:30:56+00:00
40.56616,-74.2427,2023-12-11 13:30:58+00:00
40.56629,-74.24279,2023-12-11 13:30:59+00:00
40.56651,-74.24293,2023-12-11 13:31:00+00:00
40.56717,-74.24324,2023-12-11 13:31:05+00:00
40.56737,-74.24335,2023-12-11 13:31:06+00:00
40.56754,-74.24347,2023-12-11 13:31:08+00:00
40.56768,-74.2436,2023-12-11 13:31:09+00:00
40.56809,-74.24411,2023-12-11 13:31:12+00:00
40.56827,-74.24434,2023-12-11 13:31:14+00:00
40.56883,-74.24506,2023-12-11 13:31:19+00:00
40.56883,-74.24506,2023-12-11 13:31:19+00:00
40.56878,-74.24517,2023-12-11 13:31:20+00:00
40.56865,-74.2455,2023-12-11 13:31:22+00:00
40.56862,-74.24556,2023-12-11 13:31:22+00:00
40.5685,-74.24588,2023-12-11 13:31:24+00:00
40.56766,-74.24801,2023-12-11 13:31:36+00:00
40.56744,-74.24853,2023-12-11 13:31:39+00:00
40.56724,-74.24907,2023-12-11 13:31:42+00:00
40.56705,-74.24961,2023-12-11 13:31:45+00:00
40.56675,-74.2505,2023-12-11 13:31:50+00:00
40.56654,-74.25112,2023-12-11 13:31:54+00:00
40.56652,-74.25121,2023-12-11 13:31:54+00:00
40.56637,-74.25169,2023-12-11 13:31:57+00:00
40.56612,-74.2525,2023-12-11 13:32:01+00:00
40.56609,-74.25258,2023-12-11 13:32:02+00:00
40.56608,-74.2526,2023-12-11 13:32:02+00:00
40.5659,-74.25298,2023-12-11 13:32:04+00:00
40.56578,-74.25324,2023-12-11 13:32:06+00:00
40.56572,-74.25337,2023-12-11 13:32:06+00:00
40.56565,-74.25354,2023-12-11 13:32:07+00:00
40.5653,-74.2543,2023-12-11 13:32:12+00:00
40.56495,-74.25508,2023-12-11 13:32:16+00:00
40.5645,-74.25606,2023-12-11 13:32:22+00:00
40.56427,-74.25642,2023-12-11 13:32:25+00:00
40.56416,-74.25655,2023-12-11 13:32:26+00:00
40.56388,-74.25685,2023-12-11 13:32:28+00:00
40.56325,-74.25757,2023-12-11 13:32:34+00:00
40.56317,-74.25769,2023-12-11 13:32:34+00:00
40.56302,-74.2579,2023-12-11 13:32:36+00:00
40.56289,-74.25811,2023-12-11 13:32:37+00:00
40.56278,-74.25833,2023-12-11 13:32:39+00:00
40.56269,-74.25855,2023-12-11 13:32:40+00:00
40.5626,-74.25882,2023-12-11 13:32:41+00:00
40.56253,-74.25911,2023-12-11 13:32:43+00:00
40.56249,-74.25938,2023-12-11 13:32:44+00:00
40.56247,-74.25961,2023-12-11 13:32:45+00:00
40.56247,-74.25983,2023-12-11 13:32:47+00:00
40.5625,-74.26119,2023-12-11 13:32:53+00:00
40.56255,-74.26291,2023-12-11 13:33:02+00:00
40.56256,-74.26309,2023-12-11 13:33:03+00:00
40.56257,-74.2633,2023-12-11 13:33:04+00:00
40.5626,-74.26352,2023-12-11 13:33:05+00:00
40.56262,-74.26369,2023-12-11 13:33:06+00:00
40.56266,-74.26397,2023-12-11 13:33:08+00:00
40.56274,-74.2644,2023-12-11 13:33:10+00:00
40.56285,-74.26521,2023-12-11 13:33:14+00:00
40.5629,-74.26549,2023-12-11 13:33:15+00:00
40.56295,-74.26592,2023-12-11 13:33:18+00:00
40.56294,-74.26651,2023-12-11 13:33:21+00:00
40.56279,-74.26922,2023-12-11 13:33:34+00:00
40.56278,-74.26947,2023-12-11 13:33:36+00:00
40.56278,-74.26952,2023-12-11 13:33:36+00:00
40.56278,-74.26972,2023-12-11 13:33:37+00:00
40.56278,-74.26972,2023-12-11 13:33:37+00:00
40.56273,-74.27015,2023-12-11 13:33:39+00:00
40.56268,-74.27048,2023-12-11 13:33:41+00:00
40.56264,-74.2706,2023-12-11 13:33:42+00:00
40.56258,-74.27076,2023-12-11 13:33:42+00:00
40.56211,-74.27189,2023-12-11 13:33:49+00:00
40.5617,-74.27296,2023-12-11 13:33:55+00:00
40.56164,-74.27317,2023-12-11 13:33:56+00:00
40.56144,-74.27368,2023-12-11 13:33:59+00:00
40.56141,-74.27377,2023-12-11 13:34:00+00:00
40.5614,-74.27385,2023-12-11 13:34:00+00:00
40.56141,-74.27389,2023-12-11 13:34:00+00:00
40.56143,-74.27403,2023-12-11 13:34:01+00:00
40.56143,-74.27403,2023-12-11 13:34:01+00:00
40.5618,-74.27387,2023-12-11 13:34:04+00:00
40.56186,-74.27386,2023-12-11 13:34:04+00:00
40.56195,-74.27383,2023-12-11 13:34:05+00:00
40.56209,-74.27378,2023-12-11 13:34:06+00:00
40.56215,-74.27376,2023-12-11 13:34:06+00:00
40.56231,-74.27372,2023-12-11 13:34:07+00:00
40.56248,-74.27368,2023-12-11 13:34:08+00:00
40.56277,-74.2736,2023-12-11 13:34:10+00:00
40.56294,-74.27356,2023-12-11 13:34:11+00:00
40.56341,-74.27343,2023-12-11 13:34:15+00:00
40.56354,-74.2734,2023-12-11 13:34:15+00:00
40.56404,-74.27327,2023-12-11 13:34:19+00:00
40.5641,-74.27325,2023-12-11 13:34:19+00:00
40.56415,-74.27324,2023-12-11 13:34:20+00:00
40.56467,-74.27308,2023-12-11 13:34:23+00:00
40.56496,-74.27301,2023-12-11 13:34:25+00:00
40.56508,-74.27298,2023-12-11 13:34:26+00:00
40.56549,-74.27288,2023-12-11 13:34:29+00:00
40.56589,-74.27278,2023-12-11 13:34:31+00:00
40.5664,-74.27265,2023-12-11 13:34:35+00:00
40.56677,-74.27255,2023-12-11 13:34:37+00:00
40.56697,-74.2725,2023-12-11 13:34:39+00:00
40.56716,-74.27245,2023-12-11 13:34:40+00:00
40.56721,-74.27244,2023-12-11 13:34:40+00:00
40.56736,-74.2724,2023-12-11 13:34:41+00:00
40.56739,-74.27239,2023-12-11 13:34:42+00:00
40.56746,-74.27237,2023-12-11 13:34:42+00:00
40.5676,-74.27234,2023-12-11 13:34:43+00:00
40.56778,-74.27229,2023-12-11 13:34:44+00:00
40.56808,-74.27222,2023-12-11 13:34:46+00:00
40.56824,-74.27217,2023-12-11 13:34:47+00:00
40.56835,-74.27214,2023-12-11 13:34:48+00:00
40.56857,-74.27209,2023-12-11 13:34:50+00:00
40.56874,-74.27204,2023-12-11 13:34:51+00:00
40.56898,-74.27198,2023-12-11 13:34:52+00:00
40.56941,-74.27186,2023-12-11 13:34:55+00:00
40.56968,-74.27179,2023-12-11 13:34:57+00:00
40.57008,-74.27169,2023-12-11 13:35:00+00:00
40.57123,-74.27139,2023-12-11 13:35:08+00:00
40.57138,-74.27134,2023-12-11 13:35:09+00:00
40.57173,-74.27123,2023-12-11 13:35:11+00:00
40.57175,-74.27122,2023-12-11 13:35:11+00:00
40.57193,-74.27114,2023-12-11 13:35:13+00:00
40.57282,-74.27075,2023-12-11 13:35:19+00:00
40.57309,-74.27065,2023-12-11 13:35:21+00:00
40.57331,-74.27056,2023-12-11 13:35:22+00:00
40.57339,-74.27052,2023-12-11 13:35:23+00:00
40.5737,-74.27039,2023-12-11 13:35:25+00:00
40.5737,-74.27039,2023-12-11 13:35:25+00:00
40.5737,-74.27039,2023-12-11 13:35:25+00:00
40.57374,-74.27038,2023-12-11 13:35:25+00:00
40.5739,-74.27031,2023-12-11 13:35:26+00:00
40.57398,-74.27027,2023-12-11 13:35:27+00:00
40.57421,-74.27016,2023-12-11 13:35:29+00:00
40.57442,-74.27012,2023-12-11 13:35:30+00:00
40.57509,-74.26997,2023-12-11 13:35:35+00:00
40.57541,-74.26991,2023-12-11 13:35:37+00:00
40.57547,-74.26989,2023-12-11 13:35:37+00:00
40.57554,-74.26988,2023-12-11 13:35:38+00:00
40.57569,-74.26984,2023-12-11 13:35:39+00:00
40.57578,-74.26983,2023-12-11 13:35:39+00:00
40.57627,-74.26972,2023-12-11 13:35:43+00:00
40.57654,-74.26966,2023-12-11 13:35:44+00:00
40.57676,-74.26961,2023-12-11 13:35:46+00:00
40.57721,-74.26947,2023-12-11 13:35:49+00:00
40.57754,-74.26937,2023-12-11 13:35:51+00:00
40.5776,-74.26935,2023-12-11 13:35:52+00:00
40.57797,-74.26924,2023-12-11 13:35:54+00:00
40.57813,-74.26917,2023-12-11 13:35:55+00:00
40.57856,-74.269,2023-12-11 13:35:58+00:00
40.5791,-74.26881,2023-12-11 13:36:02+00:00
40.57937,-74.26873,2023-12-11 13:36:04+00:00
40.57966,-74.26864,2023-12-11 13:36:06+00:00
40.57986,-74.26858,2023-12-11 13:36:07+00:00
40.58015,-74.2685,2023-12-11 13:36:09+00:00
40.58101,-74.26825,2023-12-11 13:36:15+00:00
40.58136,-74.26815,2023-12-11 13:36:17+00:00
40.58153,-74.2681,2023-12-11 13:36:19+00:00
40.58199,-74.26798,2023-12-11 13:36:22+00:00
40.58221,-74.26792,2023-12-11 13:36:23+00:00
40.58276,-74.26778,2023-12-11 13:36:27+00:00
40.58376,-74.26753,2023-12-11 13:36:34+00:00
40.58406,-74.26745,2023-12-11 13:36:36+00:00
40.58458,-74.26729,2023-12-11 13:36:39+00:00
40.5847,-74.26726,2023-12-11 13:36:40+00:00
40.58509,-74.26715,2023-12-11 13:36:43+00:00
40.58567,-74.267,2023-12-11 13:36:47+00:00
40.58612,-74.26688,2023-12-11 13:36:50+00:00
40.58646,-74.26679,2023-12-11 13:36:52+00:00
40.58658,-74.26676,2023-12-11 13:36:53+00:00
40.58663,-74.26674,2023-12-11 13:36:53+00:00
40.58703,-74.26663,2023-12-11 13:36:56+00:00
40.58803,-74.26638,2023-12-11 13:37:03+00:00
40.58835,-74.2663,2023-12-11 13:37:05+00:00
40.58882,-74.26617,2023-12-11 13:37:08+00:00
40.58893,-74.26613,2023-12-11 13:37:09+00:00
40.58909,-74.26609,2023-12-11 13:37:10+00:00
40.58948,-74.26602,2023-12-11 13:37:13+00:00
40.58971,-74.26601,2023-12-11 13:37:14+00:00
40.58973,-74.26601,2023-12-11 13:37:14+00:00
40.58994,-74.26602,2023-12-11 13:37:16+00:00
40.59002,-74.26604,2023-12-11 13:37:16+00:00
40.59041,-74.26612,2023-12-11 13:37:19+00:00
40.59056,-74.26616,2023-12-11 13:37:20+00:00
40.59125,-74.26636,2023-12-11 13:37:25+00:00
40.59193,-74.26656,2023-12-11 13:37:29+00:00
40.59204,-74.2666,2023-12-11 13:37:30+00:00
40.59209,-74.26661,2023-12-11 13:37:30+00:00
40.5923,-74.26668,2023-12-11 13:37:32+00:00
40.59247,-74.26672,2023-12-11 13:37:33+00:00
40.59279,-74.26681,2023-12-11 13:37:35+00:00
40.5938,-74.26711,2023-12-11 13:37:42+00:00
40.59386,-74.26712,2023-12-11 13:37:42+00:00
40.59449,-74.2673,2023-12-11 13:37:47+00:00
40.59479,-74.26739,2023-12-11 13:37:49+00:00
40.5953,-74.26753,2023-12-11 13:37:52+00:00
40.59592,-74.26771,2023-12-11 13:37:57+00:00
40.59592,-74.26771,2023-12-11 13:37:57+00:00
40.59602,-74.26713,2023-12-11 13:38:00+00:00
40.59602,-74.26711,2023-12-11 13:38:00+00:00
40.59606,-74.26691,2023-12-11 13:38:01+00:00
40.5962,-74.26608,2023-12-11 13:38:05+00:00
40.59645,-74.26463,2023-12-11 13:38:13+00:00
40.59648,-74.26446,2023-12-11 13:38:13+00:00
40.59666,-74.26337,2023-12-11 13:38:19+00:00
40.59666,-74.26337,2023-12-11 13:38:19+00:00
40.59536,-74.26297,2023-12-11 13:38:28+00:00
40.59526,-74.26294,2023-12-11 13:38:29+00:00
40.59491,-74.26282,2023-12-11 13:38:31+00:00
40.59484,-74.2628,2023-12-11 13:38:32+00:00
40.59474,-74.26277,2023-12-11 13:38:32+00:00
40.59474,-74.26277,2023-12-11 13:38:32+00:00
40.59474,-74.26277,2023-12-11 13:38:32+00:00
40.59459,-74.26272,2023-12-11 13:38:33+00:00
40.59459,-74.26272,2023-12-11 13:38:33+00:00
40.59459,-74.26272,2023-12-11 13:38:33+00:00
40.59484,-74.2628,2023-12-11 13:38:35+00:00
40.59491,-74.26282,2023-12-11 13:38:35+00:00
40.5952,-74.26292,2023-12-11 13:38:37+00:00
40.5952,-74.26292,2023-12-11 13:38:37+00:00
40.5952,-74.26292,2023-12-11 13:38:37+00:00
40.59526,-74.26294,2023-12-11 13:38:38+00:00
40.59536,-74.26297,2023-12-11 13:38:39+00:00
40.59666,-74.26337,2023-12-11 13:38:47+00:00
40.59666,-74.26337,2023-12-11 13:38:47+00:00
40.59648,-74.26446,2023-12-11 13:38:53+00:00
40.59645,-74.26463,2023-12-11 13:38:54+00:00
40.5962,-74.26608,2023-12-11 13:39:02+00:00
40.59606,-74.26691,2023-12-11 13:39:06+00:00
40.59602,-74.26711,2023-12-11 13:39:07+00:00
40.59602,-74.26713,2023-12-11 13:39:07+00:00
40.59598,-74.26737,2023-12-11 13:39:08+00:00
40.59598,-74.26737,2023-12-11 13:39:08+00:00
40.59598,-74.26737,2023-12-11 13:39:08+00:00
40.59602,-74.26713,2023-12-11 13:39:09+00:00
40.59602,-74.26711,2023-12-11 13:39:10+00:00
40.59606,-74.26691,2023-12-11 13:39:11+00:00
40.5962,-74.26608,2023-12-11 13:39:15+00:00
40.59645,-74.26463,2023-12-11 13:39:22+00:00
40.59648,-74.26446,2023-12-11 13:39:23+00:00
40.59666,-74.26337,2023-12-11 13:39:29+00:00
40.59676,-74.26281,2023-12-11 13:39:32+00:00
40.59692,-74.26191,2023-12-11 13:39:37+00:00
40.59696,-74.26163,2023-12-11 13:39:38+00:00
40.59709,-74.26091,2023-12-11 13:39:42+00:00
40.59711,-74.2608,2023-12-11 13:39:42+00:00
40.59719,-74.26032,2023-12-11 13:39:45+00:00
40.59723,-74.26009,2023-12-11 13:39:46+00:00
40.59726,-74.25987,2023-12-11 13:39:47+00:00
40.59729,-74.25967,2023-12-11 13:39:48+00:00
40.59732,-74.25942,2023-12-11 13:39:50+00:00
40.59734,-74.25918,2023-12-11 13:39:51+00:00
40.59736,-74.25896,2023-12-11 13:39:52+00:00
40.59738,-74.25873,2023-12-11 13:39:53+00:00
40.59739,-74.25853,2023-12-11 13:39:54+00:00
40.5974,-74.2585,2023-12-11 13:39:54+00:00
40.59741,-74.2583,2023-12-11 13:39:55+00:00
40.59741,-74.25811,2023-12-11 13:39:56+00:00
40.59741,-74.25791,2023-12-11 13:39:57+00:00
40.59741,-74.25759,2023-12-11 13:39:59+00:00
40.59741,-74.25744,2023-12-11 13:40:00+00:00
40.59741,-74.25741,2023-12-11 13:40:00+00:00
40.5974,-74.25703,2023-12-11 13:40:02+00:00
40.59738,-74.25681,2023-12-11 13:40:03+00:00
40.59736,-74.25664,2023-12-11 13:40:04+00:00
40.59727,-74.25632,2023-12-11 13:40:05+00:00
40.59717,-74.25606,2023-12-11 13:40:07+00:00
40.5971,-74.2559,2023-12-11 13:40:08+00:00
40.59678,-74.25508,2023-12-11 13:40:12+00:00
40.59668,-74.25489,2023-12-11 13:40:14+00:00
40.59636,-74.25424,2023-12-11 13:40:18+00:00
40.59625,-74.25403,2023-12-11 13:40:19+00:00
40.59615,-74.25383,2023-12-11 13:40:20+00:00
40.59613,-74.2538,2023-12-11 13:40:20+00:00
40.59611,-74.25376,2023-12-11 13:40:21+00:00
40.59591,-74.25325,2023-12-11 13:40:23+00:00
40.59587,-74.2531,2023-12-11 13:40:24+00:00
40.59585,-74.25305,2023-12-11 13:40:25+00:00
40.59579,-74.25282,2023-12-11 13:40:26+00:00
40.59573,-74.25263,2023-12-11 13:40:27+00:00
40.5957,-74.25253,2023-12-11 13:40:27+00:00
40.59567,-74.25244,2023-12-11 13:40:28+00:00
40.59564,-74.25232,2023-12-11 13:40:28+00:00
40.59558,-74.25211,2023-12-11 13:40:30+00:00
40.59555,-74.252,2023-12-11 13:40:30+00:00
40.59552,-74.25189,2023-12-11 13:40:31+00:00
40.59546,-74.2517,2023-12-11 13:40:32+00:00
40.59543,-74.25161,2023-12-11 13:40:32+00:00
40.59542,-74.25156,2023-12-11 13:40:33+00:00
40.59541,-74.25151,2023-12-11 13:40:33+00:00
40.59534,-74.25129,2023-12-11 13:40:34+00:00
40.59533,-74.25126,2023-12-11 13:40:34+00:00
40.5953,-74.25115,2023-12-11 13:40:35+00:00
40.59526,-74.251,2023-12-11 13:40:36+00:00
40.59518,-74.25077,2023-12-11 13:40:37+00:00
40.59513,-74.25066,2023-12-11 13:40:38+00:00
40.59506,-74.2505,2023-12-11 13:40:38+00:00
40.59498,-74.25035,2023-12-11 13:40:39+00:00
40.59473,-74.24988,2023-12-11 13:40:42+00:00
40.5945,-74.2495,2023-12-11 13:40:45+00:00
40.59409,-74.24881,2023-12-11 13:40:49+00:00
40.59398,-74.24859,2023-12-11 13:40:51+00:00
40.59384,-74.24794,2023-12-11 13:40:54+00:00
40.59384,-74.24791,2023-12-11 13:40:54+00:00
40.59363,-74.24702,2023-12-11 13:40:59+00:00
40.59342,-74.24616,2023-12-11 13:41:03+00:00
40.59335,-74.24591,2023-12-11 13:41:05+00:00
40.59321,-74.24541,2023-12-11 13:41:07+00:00
40.59317,-74.24527,2023-12-11 13:41:08+00:00
40.5931,-74.24474,2023-12-11 13:41:11+00:00
40.5931,-74.24434,2023-12-11 13:41:13+00:00
40.59309,-74.24388,2023-12-11 13:41:15+00:00
40.59309,-74.24344,2023-12-11 13:41:18+00:00
40.59309,-74.2429,2023-12-11 13:41:20+00:00
40.59309,-74.2426,2023-12-11 13:41:22+00:00
40.59309,-74.24251,2023-12-11 13:41:22+00:00
40.59309,-74.24222,2023-12-11 13:41:24+00:00
40.59308,-74.24174,2023-12-11 13:41:26+00:00
40.59308,-74.24152,2023-12-11 13:41:27+00:00
40.59308,-74.24114,2023-12-11 13:41:29+00:00
40.59308,-74.2408,2023-12-11 13:41:31+00:00
40.59308,-74.24044,2023-12-11 13:41:33+00:00
40.59308,-74.23953,2023-12-11 13:41:37+00:00
40.5931,-74.23915,2023-12-11 13:41:39+00:00
40.59311,-74.23893,2023-12-11 13:41:40+00:00
40.59327,-74.23786,2023-12-11 13:41:46+00:00
40.59335,-74.2374,2023-12-11 13:41:48+00:00
40.59344,-74.23704,2023-12-11 13:41:50+00:00
40.59346,-74.23696,2023-12-11 13:41:51+00:00
40.59353,-74.23668,2023-12-11 13:41:52+00:00
40.59358,-74.23641,2023-12-11 13:41:54+00:00
40.59363,-74.23613,2023-12-11 13:41:55+00:00
40.59365,-74.23587,2023-12-11 13:41:56+00:00
40.59367,-74.23558,2023-12-11 13:41:58+00:00
40.59367,-74.23526,2023-12-11 13:41:59+00:00
40.59366,-74.23493,2023-12-11 13:42:01+00:00
40.59362,-74.23461,2023-12-11 13:42:03+00:00
40.59358,-74.2343,2023-12-11 13:42:04+00:00
40.59352,-74.23399,2023-12-11 13:42:06+00:00
40.59344,-74.23366,2023-12-11 13:42:08+00:00
40.59341,-74.23355,2023-12-11 13:42:08+00:00
40.59337,-74.23344,2023-12-11 13:42:09+00:00
40.59333,-74.23331,2023-12-11 13:42:10+00:00
40.59314,-74.23295,2023-12-11 13:42:12+00:00
40.59306,-74.23279,2023-12-11 13:42:13+00:00
40.59297,-74.23262,2023-12-11 13:42:14+00:00
40.59288,-74.23245,2023-12-11 13:42:15+00:00
40.59288,-74.23245,2023-12-11 13:42:15+00:00
40.59272,-74.23203,2023-12-11 13:42:17+00:00
40.59251,-74.23155,2023-12-11 13:42:20+00:00
40.59241,-74.23133,2023-12-11 13:42:21+00:00
40.59231,-74.23111,2023-12-11 13:42:23+00:00
40.59219,-74.23088,2023-12-11 13:42:24+00:00
40.59207,-74.23063,2023-12-11 13:42:26+00:00
40.59192,-74.23035,2023-12-11 13:42:27+00:00
40.59186,-74.23024,2023-12-11 13:42:28+00:00
40.59182,-74.23016,2023-12-11 13:42:29+00:00
40.59178,-74.23007,2023-12-11 13:42:29+00:00
40.59175,-74.22997,2023-12-11 13:42:30+00:00
40.59172,-74.22987,2023-12-11 13:42:30+00:00
40.5917,-74.22978,2023-12-11 13:42:31+00:00
40.59168,-74.22969,2023-12-11 13:42:31+00:00
40.59167,-74.22961,2023-12-11 13:42:32+00:00
40.59167,-74.2295,2023-12-11 13:42:32+00:00
40.59168,-74.22941,2023-12-11 13:42:33+00:00
40.59169,-74.22932,2023-12-11 13:42:33+00:00
40.59172,-74.22924,2023-12-11 13:42:33+00:00
40.59174,-74.22917,2023-12-11 13:42:34+00:00
40.59177,-74.2291,2023-12-11 13:42:34+00:00
40.59182,-74.22903,2023-12-11 13:42:35+00:00
40.59186,-74.22898,2023-12-11 13:42:35+00:00
40.5919,-74.22893,2023-12-11 13:42:35+00:00
40.59196,-74.22888,2023-12-11 13:42:36+00:00
40.59202,-74.22884,2023-12-11 13:42:36+00:00
40.59209,-74.22881,2023-12-11 13:42:37+00:00
40.59217,-74.22878,2023-12-11 13:42:37+00:00
40.59226,-74.22877,2023-12-11 13:42:38+00:00
40.59234,-74.22876,2023-12-11 13:42:39+00:00
40.59243,-74.22877,2023-12-11 13:42:39+00:00
40.59285,-74.22882,2023-12-11 13:42:42+00:00
40.59319,-74.22886,2023-12-11 13:42:44+00:00
40.59334,-74.22888,2023-12-11 13:42:45+00:00
40.59341,-74.22888,2023-12-11 13:42:46+00:00
40.59349,-74.22888,2023-12-11 13:42:46+00:00
40.59356,-74.22887,2023-12-11 13:42:47+00:00
40.59362,-74.22885,2023-12-11 13:42:47+00:00
40.59368,-74.22883,2023-12-11 13:42:48+00:00
40.59374,-74.2288,2023-12-11 13:42:48+00:00
40.5938,-74.22876,2023-12-11 13:42:48+00:00
40.59386,-74.22872,2023-12-11 13:42:49+00:00
40.59391,-74.22866,2023-12-11 13:42:49+00:00
40.59396,-74.22859,2023-12-11 13:42:50+00:00
40.594,-74.22851,2023-12-11 13:42:50+00:00
40.59404,-74.22843,2023-12-11 13:42:51+00:00
40.59407,-74.22834,2023-12-11 13:42:51+00:00
40.59409,-74.22825,2023-12-11 13:42:52+00:00
40.5941,-74.22816,2023-12-11 13:42:52+00:00
40.5941,-74.22807,2023-12-11 13:42:53+00:00
40.59409,-74.22797,2023-12-11 13:42:53+00:00
40.59408,-74.22788,2023-12-11 13:42:54+00:00
40.59406,-74.22778,2023-12-11 13:42:54+00:00
40.59402,-74.22769,2023-12-11 13:42:55+00:00
40.59398,-74.2276,2023-12-11 13:42:55+00:00
40.59393,-74.22753,2023-12-11 13:42:56+00:00
40.59388,-74.22747,2023-12-11 13:42:56+00:00
40.59382,-74.22742,2023-12-11 13:42:57+00:00
40.59376,-74.22737,2023-12-11 13:42:57+00:00
40.5937,-74.22734,2023-12-11 13:42:58+00:00
40.59363,-74.22732,2023-12-11 13:42:58+00:00
40.59357,-74.2273,2023-12-11 13:42:58+00:00
40.59351,-74.22729,2023-12-11 13:42:59+00:00
40.59345,-74.2273,2023-12-11 13:42:59+00:00
40.59338,-74.22731,2023-12-11 13:43:00+00:00
40.59332,-74.22733,2023-12-11 13:43:00+00:00
40.59326,-74.22736,2023-12-11 13:43:01+00:00
40.5932,-74.2274,2023-12-11 13:43:01+00:00
40.59314,-74.22745,2023-12-11 13:43:01+00:00
40.59309,-74.2275,2023-12-11 13:43:02+00:00
40.59305,-74.22755,2023-12-11 13:43:02+00:00
40.59301,-74.22761,2023-12-11 13:43:03+00:00
40.59297,-74.22769,2023-12-11 13:43:03+00:00
40.59294,-74.22777,2023-12-11 13:43:04+00:00
40.59291,-74.22787,2023-12-11 13:43:04+00:00
40.5929,-74.22797,2023-12-11 13:43:05+00:00
40.59288,-74.22809,2023-12-11 13:43:05+00:00
40.59288,-74.2282,2023-12-11 13:43:06+00:00
40.59288,-74.22833,2023-12-11 13:43:07+00:00
40.59288,-74.22846,2023-12-11 13:43:07+00:00
40.5929,-74.22859,2023-12-11 13:43:08+00:00
40.59293,-74.22872,2023-12-11 13:43:09+00:00
40.59296,-74.22886,2023-12-11 13:43:09+00:00
40.593,-74.229,2023-12-11 13:43:10+00:00
40.59304,-74.22912,2023-12-11 13:43:11+00:00
40.59308,-74.22922,2023-12-11 13:43:11+00:00
40.59316,-74.22941,2023-12-11 13:43:12+00:00
40.59324,-74.2296,2023-12-11 13:43:13+00:00
40.59328,-74.22969,2023-12-11 13:43:14+00:00
40.59331,-74.22976,2023-12-11 13:43:14+00:00
40.59338,-74.22989,2023-12-11 13:43:15+00:00
40.59343,-74.23001,2023-12-11 13:43:16+00:00
40.59347,-74.23009,2023-12-11 13:43:16+00:00
40.59349,-74.23013,2023-12-11 13:43:17+00:00
40.5937,-74.23052,2023-12-11 13:43:19+00:00
40.59373,-74.23058,2023-12-11 13:43:19+00:00
40.59376,-74.23064,2023-12-11 13:43:20+00:00
40.59382,-74.23076,2023-12-11 13:43:21+00:00
40.59389,-74.2309,2023-12-11 13:43:21+00:00
40.59396,-74.23106,2023-12-11 13:43:22+00:00
40.59416,-74.23158,2023-12-11 13:43:25+00:00
40.59416,-74.23158,2023-12-11 13:43:25+00:00
40.59437,-74.23202,2023-12-11 13:43:28+00:00
40.59448,-74.23221,2023-12-11 13:43:29+00:00
40.59448,-74.23221,2023-12-11 13:43:29+00:00
40.59459,-74.23239,2023-12-11 13:43:30+00:00
40.59467,-74.23251,2023-12-11 13:43:31+00:00
40.59474,-74.23261,2023-12-11 13:43:32+00:00
40.59488,-74.23274,2023-12-11 13:43:33+00:00
40.595,-74.23284,2023-12-11 13:43:34+00:00
40.59512,-74.23292,2023-12-11 13:43:35+00:00
40.59523,-74.23297,2023-12-11 13:43:36+00:00
40.59535,-74.233,2023-12-11 13:43:36+00:00
40.59546,-74.23301,2023-12-11 13:43:37+00:00
40.59556,-74.233,2023-12-11 13:43:38+00:00
40.59566,-74.23297,2023-12-11 13:43:38+00:00
40.59578,-74.23291,2023-12-11 13:43:39+00:00
40.59594,-74.23282,2023-12-11 13:43:40+00:00
40.59651,-74.23245,2023-12-11 13:43:45+00:00
40.59677,-74.2323,2023-12-11 13:43:47+00:00
40.59699,-74.23217,2023-12-11 13:43:48+00:00
40.59719,-74.23206,2023-12-11 13:43:50+00:00
40.59827,-74.23149,2023-12-11 13:43:57+00:00
40.59955,-74.23085,2023-12-11 13:44:07+00:00
40.60055,-74.23027,2023-12-11 13:44:14+00:00
40.60082,-74.23012,2023-12-11 13:44:16+00:00
40.60367,-74.22843,2023-12-11 13:44:37+00:00
40.60503,-74.2276,2023-12-11 13:44:47+00:00
40.60503,-74.2276,2023-12-11 13:44:47+00:00
40.60503,-74.2276,2023-12-11 13:44:47+00:00
40.6074,-74.22617,2023-12-11 13:45:04+00:00
40.6078,-74.22592,2023-12-11 13:45:07+00:00
40.61009,-74.22454,2023-12-11 13:45:24+00:00
40.61141,-74.22374,2023-12-11 13:45:33+00:00
40.61614,-74.22088,2023-12-11 13:46:08+00:00
40.61625,-74.22081,2023-12-11 13:46:09+00:00
40.62259,-74.21697,2023-12-11 13:46:56+00:00
40.62287,-74.2168,2023-12-11 13:46:58+00:00
40.62287,-74.2168,2023-12-11 13:46:58+00:00
40.62379,-74.21623,2023-12-11 13:47:04+00:00
40.62583,-74.21502,2023-12-11 13:47:19+00:00
40.62785,-74.21381,2023-12-11 13:47:34+00:00
40.6285,-74.2134,2023-12-11 13:47:39+00:00
40.62892,-74.21312,2023-12-11 13:47:42+00:00
40.62962,-74.21267,2023-12-11 13:47:47+00:00
40.63106,-74.21173,2023-12-11 13:47:58+00:00
40.63141,-74.21151,2023-12-11 13:48:01+00:00
40.63204,-74.2111,2023-12-11 13:48:05+00:00
40.63288,-74.21058,2023-12-11 13:48:11+00:00
40.63568,-74.20886,2023-12-11 13:48:32+00:00
40.63663,-74.20829,2023-12-11 13:48:39+00:00
40.63799,-74.20754,2023-12-11 13:48:49+00:00
40.63902,-74.20697,2023-12-11 13:48:56+00:00
40.63989,-74.20647,2023-12-11 13:49:03+00:00
40.64086,-74.2059,2023-12-11 13:49:10+00:00
40.6417,-74.20538,2023-12-11 13:49:16+00:00
40.64332,-74.20438,2023-12-11 13:49:28+00:00
40.64493,-74.20336,2023-12-11 13:49:40+00:00
40.64557,-74.20294,2023-12-11 13:49:45+00:00
40.64724,-74.20188,2023-12-11 13:49:57+00:00
40.64758,-74.20164,2023-12-11 13:49:59+00:00
40.6479,-74.2014,2023-12-11 13:50:02+00:00
40.64818,-74.20117,2023-12-11 13:50:04+00:00
40.6485,-74.20086,2023-12-11 13:50:07+00:00
40.64881,-74.20054,2023-12-11 13:50:09+00:00
40.64896,-74.20037,2023-12-11 13:50:11+00:00
40.64914,-74.20017,2023-12-11 13:50:12+00:00
40.64941,-74.19982,2023-12-11 13:50:15+00:00
40.64967,-74.19944,2023-12-11 13:50:17+00:00
40.64992,-74.19905,2023-12-11 13:50:20+00:00
40.65013,-74.19868,2023-12-11 13:50:22+00:00
40.65033,-74.19832,2023-12-11 13:50:25+00:00
40.65113,-74.19687,2023-12-11 13:50:34+00:00
40.65137,-74.19643,2023-12-11 13:50:36+00:00
40.65157,-74.19605,2023-12-11 13:50:39+00:00
40.65183,-74.19558,2023-12-11 13:50:42+00:00
40.65202,-74.19523,2023-12-11 13:50:44+00:00
40.65224,-74.19483,2023-12-11 13:50:46+00:00
40.65244,-74.19447,2023-12-11 13:50:49+00:00
40.65265,-74.19407,2023-12-11 13:50:51+00:00
40.65285,-74.1937,2023-12-11 13:50:53+00:00
40.65307,-74.19332,2023-12-11 13:50:56+00:00
40.65327,-74.19294,2023-12-11 13:50:58+00:00
40.65348,-74.19256,2023-12-11 13:51:01+00:00
40.65369,-74.19217,2023-12-11 13:51:03+00:00
40.65389,-74.1918,2023-12-11 13:51:05+00:00
40.65415,-74.19132,2023-12-11 13:51:08+00:00
40.65432,-74.19101,2023-12-11 13:51:10+00:00
40.65458,-74.19057,2023-12-11 13:51:13+00:00
40.65484,-74.19017,2023-12-11 13:51:16+00:00
40.65508,-74.18983,2023-12-11 13:51:18+00:00
40.65531,-74.18951,2023-12-11 13:51:20+00:00
40.65558,-74.18916,2023-12-11 13:51:23+00:00
40.65585,-74.18884,2023-12-11 13:51:25+00:00
40.65613,-74.18854,2023-12-11 13:51:28+00:00
40.65644,-74.18822,2023-12-11 13:51:30+00:00
40.6567,-74.18796,2023-12-11 13:51:32+00:00
40.65688,-74.1878,2023-12-11 13:51:34+00:00
40.65707,-74.18763,2023-12-11 13:51:35+00:00
40.65726,-74.18746,2023-12-11 13:51:37+00:00
40.65744,-74.18731,2023-12-11 13:51:38+00:00
40.65766,-74.18714,2023-12-11 13:51:40+00:00
40.65788,-74.18697,2023-12-11 13:51:42+00:00
40.65839,-74.18661,2023-12-11 13:51:46+00:00
40.65946,-74.18587,2023-12-11 13:51:54+00:00
40.66043,-74.18519,2023-12-11 13:52:01+00:00
40.66089,-74.18486,2023-12-11 13:52:05+00:00
40.66089,-74.18486,2023-12-11 13:52:05+00:00
40.66191,-74.18397,2023-12-11 13:52:13+00:00
40.66292,-74.18309,2023-12-11 13:52:21+00:00
40.66341,-74.18266,2023-12-11 13:52:25+00:00
40.66369,-74.18242,2023-12-11 13:52:27+00:00
40.66428,-74.18196,2023-12-11 13:52:31+00:00
40.66453,-74.18168,2023-12-11 13:52:34+00:00
40.66466,-74.18151,2023-12-11 13:52:35+00:00
40.66491,-74.18111,2023-12-11 13:52:38+00:00
40.665,-74.18099,2023-12-11 13:52:38+00:00
40.6651,-74.18089,2023-12-11 13:52:39+00:00
40.66519,-74.1808,2023-12-11 13:52:40+00:00
40.66533,-74.1807,2023-12-11 13:52:41+00:00
40.66544,-74.18064,2023-12-11 13:52:42+00:00
40.66556,-74.18058,2023-12-11 13:52:43+00:00
40.66569,-74.18055,2023-12-11 13:52:44+00:00
40.66581,-74.18056,2023-12-11 13:52:44+00:00
40.66595,-74.18059,2023-12-11 13:52:45+00:00
40.66609,-74.18066,2023-12-11 13:52:46+00:00
40.66621,-74.18076,2023-12-11 13:52:47+00:00
40.66631,-74.18089,2023-12-11 13:52:48+00:00
40.66641,-74.18105,2023-12-11 13:52:49+00:00
40.66651,-74.18123,2023-12-11 13:52:50+00:00
40.6668,-74.1818,2023-12-11 13:52:54+00:00
40.66711,-74.18233,2023-12-11 13:52:57+00:00
40.66721,-74.18249,2023-12-11 13:52:58+00:00
40.66732,-74.18263,2023-12-11 13:52:59+00:00
40.66739,-74.18271,2023-12-11 13:53:00+00:00
40.66746,-74.18279,2023-12-11 13:53:01+00:00
40.66754,-74.18286,2023-12-11 13:53:01+00:00
40.66761,-74.18293,2023-12-11 13:53:02+00:00
40.66768,-74.18298,2023-12-11 13:53:02+00:00
40.6677,-74.18299,2023-12-11 13:53:02+00:00
40.66778,-74.18305,2023-12-11 13:53:03+00:00
40.66788,-74.1831,2023-12-11 13:53:04+00:00
40.66796,-74.18314,2023-12-11 13:53:04+00:00
40.66858,-74.18337,2023-12-11 13:53:09+00:00
40.66864,-74.18341,2023-12-11 13:53:09+00:00
40.66904,-74.18363,2023-12-11 13:53:12+00:00
40.66924,-74.18374,2023-12-11 13:53:13+00:00
40.66961,-74.18395,2023-12-11 13:53:16+00:00
40.66961,-74.18395,2023-12-11 13:53:16+00:00
40.67047,-74.18448,2023-12-11 13:53:22+00:00
40.67149,-74.18508,2023-12-11 13:53:30+00:00
40.67174,-74.18523,2023-12-11 13:53:32+00:00
40.67186,-74.18531,2023-12-11 13:53:33+00:00
40.67198,-74.18539,2023-12-11 13:53:34+00:00
40.6721,-74.18548,2023-12-11 13:53:34+00:00
40.67222,-74.18557,2023-12-11 13:53:35+00:00
40.67235,-74.18568,2023-12-11 13:53:36+00:00
40.67245,-74.18577,2023-12-11 13:53:37+00:00
40.67256,-74.18588,2023-12-11 13:53:38+00:00
40.67267,-74.18599,2023-12-11 13:53:39+00:00
40.67278,-74.1861,2023-12-11 13:53:40+00:00
40.67288,-74.18622,2023-12-11 13:53:41+00:00
40.67299,-74.18635,2023-12-11 13:53:42+00:00
40.6731,-74.18648,2023-12-11 13:53:43+00:00
40.6732,-74.18661,2023-12-11 13:53:44+00:00
40.6733,-74.18674,2023-12-11 13:53:45+00:00
40.67339,-74.18688,2023-12-11 13:53:46+00:00
40.67348,-74.18702,2023-12-11 13:53:47+00:00
40.67357,-74.18717,2023-12-11 13:53:48+00:00
40.67366,-74.18732,2023-12-11 13:53:48+00:00
40.67374,-74.18747,2023-12-11 13:53:49+00:00
40.67382,-74.18761,2023-12-11 13:53:50+00:00
40.67393,-74.1878,2023-12-11 13:53:52+00:00
40.6745,-74.18882,2023-12-11 13:53:58+00:00
40.67457,-74.18894,2023-12-11 13:53:59+00:00
40.67463,-74.18905,2023-12-11 13:53:59+00:00
40.67469,-74.18914,2023-12-11 13:54:00+00:00
40.67474,-74.18923,2023-12-11 13:54:01+00:00
40.6748,-74.18931,2023-12-11 13:54:01+00:00
40.67486,-74.1894,2023-12-11 13:54:02+00:00
40.67491,-74.18947,2023-12-11 13:54:02+00:00
40.67496,-74.18955,2023-12-11 13:54:03+00:00
40.67501,-74.18961,2023-12-11 13:54:03+00:00
40.67515,-74.1898,2023-12-11 13:54:05+00:00
40.6752,-74.18987,2023-12-11 13:54:05+00:00
40.67532,-74.19002,2023-12-11 13:54:06+00:00
40.67537,-74.19008,2023-12-11 13:54:07+00:00
40.67543,-74.19015,2023-12-11 13:54:07+00:00
40.67547,-74.19021,2023-12-11 13:54:08+00:00
40.67552,-74.19026,2023-12-11 13:54:08+00:00
40.67557,-74.19031,2023-12-11 13:54:08+00:00
40.67563,-74.19037,2023-12-11 13:54:09+00:00
40.67595,-74.19068,2023-12-11 13:54:11+00:00
40.67608,-74.19081,2023-12-11 13:54:13+00:00
40.67617,-74.19089,2023-12-11 13:54:13+00:00
40.67629,-74.19101,2023-12-11 13:54:14+00:00
40.67644,-74.19113,2023-12-11 13:54:15+00:00
40.67653,-74.1912,2023-12-11 13:54:16+00:00
40.67663,-74.19128,2023-12-11 13:54:17+00:00
40.67677,-74.19138,2023-12-11 13:54:18+00:00
40.67687,-74.19145,2023-12-11 13:54:19+00:00
40.67687,-74.19145,2023-12-11 13:54:19+00:00
40.67701,-74.19155,2023-12-11 13:54:20+00:00
40.67711,-74.19161,2023-12-11 13:54:21+00:00
40.67718,-74.19166,2023-12-11 13:54:21+00:00
40.67731,-74.19174,2023-12-11 13:54:22+00:00
40.67853,-74.19241,2023-12-11 13:54:31+00:00
40.67885,-74.19259,2023-12-11 13:54:33+00:00
40.67893,-74.19263,2023-12-11 13:54:34+00:00
40.679,-74.19267,2023-12-11 13:54:34+00:00
40.67907,-74.19269,2023-12-11 13:54:35+00:00
40.67913,-74.19272,2023-12-11 13:54:35+00:00
40.6792,-74.19275,2023-12-11 13:54:36+00:00
40.67926,-74.19277,2023-12-11 13:54:36+00:00
40.67937,-74.19281,2023-12-11 13:54:37+00:00
40.67946,-74.19284,2023-12-11 13:54:37+00:00
40.67954,-74.19286,2023-12-11 13:54:38+00:00
40.67961,-74.19288,2023-12-11 13:54:38+00:00
40.67968,-74.1929,2023-12-11 13:54:39+00:00
40.67974,-74.19291,2023-12-11 13:54:39+00:00
40.67981,-74.19293,2023-12-11 13:54:40+00:00
40.67988,-74.19294,2023-12-11 13:54:40+00:00
40.67994,-74.19294,2023-12-11 13:54:41+00:00
40.68,-74.19295,2023-12-11 13:54:41+00:00
40.68007,-74.19295,2023-12-11 13:54:42+00:00
40.68014,-74.19295,2023-12-11 13:54:42+00:00
40.6802,-74.19295,2023-12-11 13:54:42+00:00
40.68025,-74.19295,2023-12-11 13:54:43+00:00
40.68031,-74.19294,2023-12-11 13:54:43+00:00
40.68037,-74.19293,2023-12-11 13:54:44+00:00
40.68042,-74.19292,2023-12-11 13:54:44+00:00
40.68047,-74.19291,2023-12-11 13:54:44+00:00
40.68052,-74.19289,2023-12-11 13:54:45+00:00
40.68057,-74.19287,2023-12-11 13:54:45+00:00
40.68062,-74.19286,2023-12-11 13:54:45+00:00
40.68068,-74.19283,2023-12-11 13:54:46+00:00
40.68074,-74.19281,2023-12-11 13:54:46+00:00
40.68079,-74.19278,2023-12-11 13:54:47+00:00
40.68085,-74.19276,2023-12-11 13:54:47+00:00
40.68109,-74.19264,2023-12-11 13:54:49+00:00
40.68114,-74.19261,2023-12-11 13:54:49+00:00
40.68119,-74.19259,2023-12-11 13:54:49+00:00
40.68125,-74.19257,2023-12-11 13:54:50+00:00
40.68133,-74.19254,2023-12-11 13:54:50+00:00
40.68143,-74.19251,2023-12-11 13:54:51+00:00
40.68149,-74.19249,2023-12-11 13:54:51+00:00
40.68154,-74.19248,2023-12-11 13:54:52+00:00
40.6816,-74.19247,2023-12-11 13:54:52+00:00
40.68165,-74.19246,2023-12-11 13:54:53+00:00
40.6817,-74.19245,2023-12-11 13:54:53+00:00
40.68176,-74.19244,2023-12-11 13:54:53+00:00
40.68232,-74.19241,2023-12-11 13:54:57+00:00
40.68242,-74.1924,2023-12-11 13:54:58+00:00
40.68254,-74.19241,2023-12-11 13:54:58+00:00
40.68265,-74.19241,2023-12-11 13:54:59+00:00
40.6832,-74.19245,2023-12-11 13:55:03+00:00
40.6832,-74.19245,2023-12-11 13:55:03+00:00
40.68364,-74.1925,2023-12-11 13:55:06+00:00
40.68386,-74.19249,2023-12-11 13:55:07+00:00
40.68407,-74.19251,2023-12-11 13:55:09+00:00
40.6843,-74.19251,2023-12-11 13:55:10+00:00
40.68452,-74.19252,2023-12-11 13:55:12+00:00
40.68474,-74.19253,2023-12-11 13:55:13+00:00
40.68496,-74.19253,2023-12-11 13:55:15+00:00
40.68518,-74.19253,2023-12-11 13:55:16+00:00
40.68706,-74.1925,2023-12-11 13:55:29+00:00
40.68728,-74.1925,2023-12-11 13:55:30+00:00
40.6874,-74.1925,2023-12-11 13:55:31+00:00
40.6875,-74.19249,2023-12-11 13:55:32+00:00
40.68762,-74.19248,2023-12-11 13:55:32+00:00
40.68772,-74.19246,2023-12-11 13:55:33+00:00
40.68784,-74.19244,2023-12-11 13:55:34+00:00
40.68794,-74.19242,2023-12-11 13:55:35+00:00
40.68805,-74.19239,2023-12-11 13:55:35+00:00
40.68816,-74.19236,2023-12-11 13:55:36+00:00
40.68827,-74.19233,2023-12-11 13:55:37+00:00
40.68837,-74.1923,2023-12-11 13:55:37+00:00
40.68848,-74.19226,2023-12-11 13:55:38+00:00
40.68859,-74.19223,2023-12-11 13:55:39+00:00
40.6887,-74.19219,2023-12-11 13:55:40+00:00
40.6887,-74.19219,2023-12-11 13:55:40+00:00
40.6888,-74.19215,2023-12-11 13:55:40+00:00
40.6889,-74.19211,2023-12-11 13:55:41+00:00
40.68901,-74.19206,2023-12-11 13:55:42+00:00
40.68912,-74.19201,2023-12-11 13:55:43+00:00
40.68922,-74.19197,2023-12-11 13:55:43+00:00
40.68933,-74.19192,2023-12-11 13:55:44+00:00
40.68995,-74.19162,2023-12-11 13:55:49+00:00
40.69005,-74.19156,2023-12-11 13:55:49+00:00
40.69016,-74.1915,2023-12-11 13:55:50+00:00
40.69026,-74.19145,2023-12-11 13:55:51+00:00
40.69035,-74.19139,2023-12-11 13:55:51+00:00
40.69045,-74.19133,2023-12-11 13:55:52+00:00
40.69055,-74.19127,2023-12-11 13:55:53+00:00
40.69066,-74.19119,2023-12-11 13:55:54+00:00
40.69075,-74.19112,2023-12-11 13:55:54+00:00
40.69085,-74.19104,2023-12-11 13:55:55+00:00
40.69094,-74.19097,2023-12-11 13:55:56+00:00
40.69103,-74.19089,2023-12-11 13:55:57+00:00
40.69112,-74.1908,2023-12-11 13:55:57+00:00
40.69122,-74.1907,2023-12-11 13:55:58+00:00
40.69129,-74.19063,2023-12-11 13:55:59+00:00
40.69138,-74.19053,2023-12-11 13:56:00+00:00
40.69146,-74.19044,2023-12-11 13:56:00+00:00
40.69154,-74.19034,2023-12-11 13:56:01+00:00
40.69162,-74.19024,2023-12-11 13:56:02+00:00
40.69178,-74.19004,2023-12-11 13:56:03+00:00
40.69193,-74.18983,2023-12-11 13:56:05+00:00
40.69286,-74.18858,2023-12-11 13:56:14+00:00
40.69332,-74.18797,2023-12-11 13:56:18+00:00
40.6934,-74.18786,2023-12-11 13:56:19+00:00
40.69348,-74.18777,2023-12-11 13:56:19+00:00
40.69357,-74.18767,2023-12-11 13:56:20+00:00
40.69365,-74.18757,2023-12-11 13:56:21+00:00
40.69374,-74.18748,2023-12-11 13:56:22+00:00
40.69382,-74.18739,2023-12-11 13:56:22+00:00
40.6939,-74.1873,2023-12-11 13:56:23+00:00
40.69399,-74.18722,2023-12-11 13:56:24+00:00
40.69408,-74.18713,2023-12-11 13:56:25+00:00
40.69408,-74.18713,2023-12-11 13:56:25+00:00
40.69444,-74.18679,2023-12-11 13:56:28+00:00
40.69453,-74.1867,2023-12-11 13:56:28+00:00
40.69462,-74.18662,2023-12-11 13:56:29+00:00
40.69471,-74.18654,2023-12-11 13:56:30+00:00
40.69506,-74.18624,2023-12-11 13:56:33+00:00
40.69523,-74.18609,2023-12-11 13:56:34+00:00
40.69542,-74.18594,2023-12-11 13:56:35+00:00
40.69598,-74.18549,2023-12-11 13:56:40+00:00
40.69598,-74.18549,2023-12-11 13:56:40+00:00
40.69609,-74.18542,2023-12-11 13:56:41+00:00
40.69618,-74.18537,2023-12-11 13:56:41+00:00
40.69627,-74.18532,2023-12-11 13:56:42+00:00
40.69634,-74.18527,2023-12-11 13:56:42+00:00
40.69642,-74.18523,2023-12-11 13:56:43+00:00
40.69648,-74.1852,2023-12-11 13:56:43+00:00
40.69654,-74.18517,2023-12-11 13:56:44+00:00
40.6966,-74.18514,2023-12-11 13:56:44+00:00
40.69666,-74.18512,2023-12-11 13:56:45+00:00
40.69672,-74.1851,2023-12-11 13:56:45+00:00
40.69677,-74.18508,2023-12-11 13:56:45+00:00
40.69683,-74.18507,2023-12-11 13:56:46+00:00
40.69689,-74.18505,2023-12-11 13:56:46+00:00
40.69695,-74.18504,2023-12-11 13:56:47+00:00
40.697,-74.18504,2023-12-11 13:56:47+00:00
40.69706,-74.18504,2023-12-11 13:56:47+00:00
40.69712,-74.18503,2023-12-11 13:56:48+00:00
40.69718,-74.18504,2023-12-11 13:56:48+00:00
40.69724,-74.18505,2023-12-11 13:56:49+00:00
40.6973,-74.18506,2023-12-11 13:56:49+00:00
40.69736,-74.18507,2023-12-11 13:56:49+00:00
40.69742,-74.18509,2023-12-11 13:56:50+00:00
40.69748,-74.18512,2023-12-11 13:56:50+00:00
40.69807,-74.18536,2023-12-11 13:56:54+00:00
40.69814,-74.18538,2023-12-11 13:56:55+00:00
40.6982,-74.1854,2023-12-11 13:56:55+00:00
40.69826,-74.18542,2023-12-11 13:56:56+00:00
40.69832,-74.18544,2023-12-11 13:56:56+00:00
40.69838,-74.18545,2023-12-11 13:56:56+00:00
40.69844,-74.18546,2023-12-11 13:56:57+00:00
40.69851,-74.18548,2023-12-11 13:56:57+00:00
40.69859,-74.18549,2023-12-11 13:56:58+00:00
40.69867,-74.1855,2023-12-11 13:56:58+00:00
40.69875,-74.1855,2023-12-11 13:56:59+00:00
40.69882,-74.1855,2023-12-11 13:56:59+00:00
40.69889,-74.18551,2023-12-11 13:57:00+00:00
40.69898,-74.1855,2023-12-11 13:57:00+00:00
40.69906,-74.1855,2023-12-11 13:57:01+00:00
40.69913,-74.18549,2023-12-11 13:57:01+00:00
40.6992,-74.18548,2023-12-11 13:57:02+00:00
40.69927,-74.18547,2023-12-11 13:57:02+00:00
40.69934,-74.18545,2023-12-11 13:57:03+00:00
40.69942,-74.18543,2023-12-11 13:57:03+00:00
40.69948,-74.18541,2023-12-11 13:57:04+00:00
40.69955,-74.18539,2023-12-11 13:57:04+00:00
40.69962,-74.18537,2023-12-11 13:57:05+00:00
40.69969,-74.18534,2023-12-11 13:57:05+00:00
40.69976,-74.18531,2023-12-11 13:57:06+00:00
40.69984,-74.18527,2023-12-11 13:57:06+00:00
40.6999,-74.18524,2023-12-11 13:57:07+00:00
40.69996,-74.18522,2023-12-11 13:57:07+00:00
40.70001,-74.18519,2023-12-11 13:57:08+00:00
40.70006,-74.18516,2023-12-11 13:57:08+00:00
40.70011,-74.18512,2023-12-11 13:57:08+00:00
40.70016,-74.18508,2023-12-11 13:57:09+00:00
40.7002,-74.18505,2023-12-11 13:57:09+00:00
40.70024,-74.185,2023-12-11 13:57:09+00:00
40.70028,-74.18496,2023-12-11 13:57:10+00:00
40.70032,-74.18491,2023-12-11 13:57:10+00:00
40.70058,-74.18457,2023-12-11 13:57:13+00:00
40.70083,-74.18424,2023-12-11 13:57:15+00:00
40.70086,-74.1842,2023-12-11 13:57:15+00:00
40.7009,-74.18416,2023-12-11 13:57:16+00:00
40.70095,-74.18412,2023-12-11 13:57:16+00:00
40.70099,-74.18409,2023-12-11 13:57:16+00:00
40.70104,-74.18406,2023-12-11 13:57:17+00:00
40.70108,-74.18404,2023-12-11 13:57:17+00:00
40.70113,-74.18402,2023-12-11 13:57:17+00:00
40.70118,-74.184,2023-12-11 13:57:18+00:00
40.70123,-74.18399,2023-12-11 13:57:18+00:00
40.70129,-74.18399,2023-12-11 13:57:18+00:00
40.70134,-74.18399,2023-12-11 13:57:19+00:00
40.7014,-74.18399,2023-12-11 13:57:19+00:00
40.70145,-74.18399,2023-12-11 13:57:19+00:00
40.70152,-74.184,2023-12-11 13:57:20+00:00
40.70158,-74.18402,2023-12-11 13:57:20+00:00
40.70165,-74.18403,2023-12-11 13:57:21+00:00
40.70171,-74.18406,2023-12-11 13:57:21+00:00
40.70178,-74.18409,2023-12-11 13:57:22+00:00
40.70185,-74.18412,2023-12-11 13:57:22+00:00
40.7019,-74.18415,2023-12-11 13:57:23+00:00
40.70195,-74.18419,2023-12-11 13:57:23+00:00
40.70199,-74.18422,2023-12-11 13:57:23+00:00
40.70203,-74.18426,2023-12-11 13:57:24+00:00
40.70207,-74.1843,2023-12-11 13:57:24+00:00
40.70211,-74.18435,2023-12-11 13:57:24+00:00
40.70214,-74.1844,2023-12-11 13:57:25+00:00
40.70216,-74.18445,2023-12-11 13:57:25+00:00
40.70219,-74.1845,2023-12-11 13:57:25+00:00
40.70221,-74.18456,2023-12-11 13:57:26+00:00
40.70222,-74.18461,2023-12-11 13:57:26+00:00
40.70223,-74.18466,2023-12-11 13:57:26+00:00
40.70224,-74.18472,2023-12-11 13:57:26+00:00
40.70224,-74.18477,2023-12-11 13:57:27+00:00
40.70224,-74.18483,2023-12-11 13:57:27+00:00
40.70223,-74.18488,2023-12-11 13:57:27+00:00
40.7022,-74.18544,2023-12-11 13:57:30+00:00
40.70214,-74.18663,2023-12-11 13:57:36+00:00
40.70216,-74.18673,2023-12-11 13:57:37+00:00
40.7022,-74.18683,2023-12-11 13:57:37+00:00
40.70224,-74.18688,2023-12-11 13:57:37+00:00
40.70227,-74.18694,2023-12-11 13:57:38+00:00
40.70229,-74.18701,2023-12-11 13:57:38+00:00
40.70229,-74.18708,2023-12-11 13:57:39+00:00
40.70227,-74.18715,2023-12-11 13:57:39+00:00
40.70227,-74.18715,2023-12-11 13:57:39+00:00
40.70223,-74.18721,2023-12-11 13:57:39+00:00
40.70219,-74.18725,2023-12-11 13:57:40+00:00
40.70219,-74.18725,2023-12-11 13:57:40+00:00
40.70213,-74.18728,2023-12-11 13:57:40+00:00
40.70207,-74.18728,2023-12-11 13:57:41+00:00
40.70202,-74.18726,2023-12-11 13:57:41+00:00
40.70197,-74.18721,2023-12-11 13:57:41+00:00
40.70194,-74.18716,2023-12-11 13:57:42+00:00
40.70192,-74.18709,2023-12-11 13:57:42+00:00
40.70192,-74.18703,2023-12-11 13:57:42+00:00
40.70193,-74.18696,2023-12-11 13:57:43+00:00
40.70195,-74.1869,2023-12-11 13:57:43+00:00
40.70199,-74.18685,2023-12-11 13:57:43+00:00
40.70204,-74.18671,2023-12-11 13:57:44+00:00
40.70206,-74.18661,2023-12-11 13:57:45+00:00
40.70206,-74.18661,2023-12-11 13:57:45+00:00
40.70207,-74.18646,2023-12-11 13:57:45+00:00
40.70206,-74.18632,2023-12-11 13:57:46+00:00
40.70203,-74.18619,2023-12-11 13:57:47+00:00
40.70198,-74.18609,2023-12-11 13:57:47+00:00
40.70193,-74.186,2023-12-11 13:57:48+00:00
40.70187,-74.18594,2023-12-11 13:57:49+00:00
40.70179,-74.18588,2023-12-11 13:57:49+00:00
40.70172,-74.18585,2023-12-11 13:57:50+00:00
40.70157,-74.18581,2023-12-11 13:57:51+00:00
40.70135,-74.18579,2023-12-11 13:57:52+00:00
40.7013,-74.1858,2023-12-11 13:57:52+00:00
40.70094,-74.1859,2023-12-11 13:57:55+00:00
40.70084,-74.18595,2023-12-11 13:57:56+00:00
40.70048,-74.18614,2023-12-11 13:57:58+00:00
40.70038,-74.1862,2023-12-11 13:57:59+00:00
40.70002,-74.18639,2023-12-11 13:58:02+00:00
40.69982,-74.1865,2023-12-11 13:58:03+00:00
40.69982,-74.1865,2023-12-11 13:58:03+00:00
40.69978,-74.18654,2023-12-11 13:58:03+00:00
40.69976,-74.18659,2023-12-11 13:58:04+00:00
40.69974,-74.18664,2023-12-11 13:58:04+00:00
40.69973,-74.1867,2023-12-11 13:58:04+00:00
40.69971,-74.18676,2023-12-11 13:58:05+00:00
40.69971,-74.18682,2023-12-11 13:58:05+00:00
40.69969,-74.18694,2023-12-11 13:58:05+00:00
40.69967,-74.18731,2023-12-11 13:58:07+00:00
40.69963,-74.18771,2023-12-11 13:58:09+00:00
40.69963,-74.18781,2023-12-11 13:58:10+00:00
40.69961,-74.18804,2023-12-11 13:58:11+00:00
40.6996,-74.18809,2023-12-11 13:58:11+00:00
40.69959,-74.18814,2023-12-11 13:58:12+00:00
40.69958,-74.18819,2023-12-11 13:58:12+00:00
40.69956,-74.18824,2023-12-11 13:58:12+00:00
40.69933,-74.18907,2023-12-11 13:58:17+00:00
40.6992,-74.18957,2023-12-11 13:58:19+00:00
40.6992,-74.18957,2023-12-11 13:58:19+00:00
40.69916,-74.18959,2023-12-11 13:58:20+00:00
40.69906,-74.18966,2023-12-11 13:58:20+00:00
40.69901,-74.18976,2023-12-11 13:58:21+00:00
40.69896,-74.18989,2023-12-11 13:58:22+00:00
40.6989,-74.19002,2023-12-11 13:58:22+00:00
40.69861,-74.19072,2023-12-11 13:58:26+00:00
40.69859,-74.19076,2023-12-11 13:58:27+00:00
40.69855,-74.19079,2023-12-11 13:58:27+00:00
40.69855,-74.19079,2023-12-11 13:58:27+00:00
40.69847,-74.19052,2023-12-11 13:58:28+00:00
40.69847,-74.19052,2023-12-11 13:58:28+00:00
40.69789,-74.19085,2023-12-11 13:58:33+00:00
40.69736,-74.19116,2023-12-11 13:58:37+00:00
40.69726,-74.19116,2023-12-11 13:58:37+00:00
40.69715,-74.19117,2023-12-11 13:58:38+00:00
40.69711,-74.1912,2023-12-11 13:58:38+00:00
40.69711,-74.1912,2023-12-11 13:58:38+00:00
40.69711,-74.1912,2023-12-11 13:58:38+00:00
40.69689,-74.19133,2023-12-11 13:58:40+00:00
40.69672,-74.19143,2023-12-11 13:58:41+00:00
40.69663,-74.19143,2023-12-11 13:58:42+00:00
